id;Tgl;Kab/Kota;Tingkat Harga;BMB;BMK;BPI;BPL;BNC;CMB;CMK;CRH;CRM;KBK;KTG;KLB;KLG;MTM;TMT;WRT;CHB
23;04 Januari 2021;Wonosobo;Harga Produsen;0;17000;0;13000;0;0;40000;35000;57000;0;9000;0;7000;0;4000;7000;
70;05 Januari 2021;Wonosobo;Harga Produsen;0;17000;0;13000;0;0;40000;35000;65000;0;9000;0;7000;0;4000;7000;0
108;06 Januari 2021;Wonosobo;Harga Produsen;0;17000;0;13000;0;0;40000;35000;65000;0;9000;0;7000;0;4000;7000;
135;07 Januari 2021;Wonosobo;Harga Produsen;0;17000;0;13000;0;0;40000;35000;65000;0;9000;0;7000;0;5000;7000;
253;08 Januari 2021;Wonosobo;Harga Produsen;0;17000;0;13000;0;0;40000;35000;65000;0;9000;0;7000;0;4000;7000;
259;11 Januari 2021;Wonosobo;Harga Produsen;0;17000;0;13000;0;0;40000;35000;65000;0;9000;0;7000;0;4000;7000;
287;12 Januari 2021;Wonosobo;Harga Produsen;0;17000;0;13000;0;0;35000;35000;56000;0;9000;0;8000;0;3000;7000;
326;13 Januari 2021;Wonosobo;Harga Produsen;0;17000;0;13000;0;0;35000;40000;60000;0;9000;0;8000;0;2500;7000;
425;15 Januari 2021;Wonosobo;Harga Produsen;0;17000;0;13000;0;0;35000;45000;60000;0;9000;0;6000;0;2500;7000;
427;14 Januari 2021;Wonosobo;Harga Produsen;0;17000;0;13000;0;0;35000;40000;60000;0;9000;0;8000;0;2500;7000;
505;18 Januari 2021;Wonosobo;Harga Produsen;0;17000;0;13000;0;0;35000;45000;55000;0;8000;0;6000;0;2500;7000;
544;19 Januari 2021;Wonosobo;Harga Produsen;0;17000;0;13000;0;0;35000;45000;55000;0;8000;0;6000;0;2500;7000;
610;20 Januari 2021;Wonosobo;Harga Produsen;0;17000;0;13000;0;0;35000;45000;50000;0;8000;0;6000;0;2500;7000;
633;21 Januari 2021;Wonosobo;Harga Produsen;0;17000;0;13000;0;0;30000;45000;50000;0;8000;0;5000;0;2500;7000;
687;22 Januari 2021;Wonosobo;Harga Produsen;0;17000;0;13000;0;0;30000;45000;50000;0;8000;0;5000;0;2500;7000;
761;26 Januari 2021;Wonosobo;Harga Produsen;0;17000;0;13000;0;0;35000;50000;50000;0;8000;0;5000;0;1500;7000;
763;25 Januari 2021;Wonosobo;Harga Produsen;0;17000;0;13000;0;0;35000;50000;50000;0;8000;0;5000;0;1500;7000;
843;27 Januari 2021;Wonosobo;Harga Produsen;0;17000;0;13000;0;0;25000;50000;60000;0;8000;0;5000;0;1500;7000;
937;29 Januari 2021;Wonosobo;Harga Produsen;0;17000;0;13000;0;0;30000;50000;60000;0;8000;0;5000;0;1500;7000;
942;28 Januari 2021;Wonosobo;Harga Produsen;0;17000;0;13000;0;0;30000;50000;60000;0;8000;0;5000;0;1500;7000;
1041;02 Februari 2021;Wonosobo;Harga Produsen;0;17000;0;13000;0;0;40000;54000;60000;0;8000;0;5000;0;2000;7000;
1052;01 Februari 2021;Wonosobo;Harga Produsen;0;17000;0;13000;0;0;40000;54000;60000;0;8000;0;5000;0;2000;7000;
1129;04 Februari 2021;Wonosobo;Harga Produsen;0;17000;0;13000;0;0;50000;54000;60000;0;8000;0;5500;0;2000;7000;
1131;03 Februari 2021;Wonosobo;Harga Produsen;0;17000;0;13000;0;0;50000;54000;60000;0;8000;0;5500;0;2000;7000;
1223;08 Februari 2021;Wonosobo;Harga Produsen;0;17000;0;13000;0;0;50000;60000;65000;0;8000;0;6000;0;2000;7000;
1228;05 Februari 2021;Wonosobo;Harga Produsen;0;17000;0;13000;0;0;50000;54000;60000;0;8000;0;5500;0;2000;7000;
1292;09 Februari 2021;Wonosobo;Harga Produsen;0;16000;0;13000;0;0;45000;54000;60000;0;8000;0;6000;0;2000;7000;
1342;10 Februari 2021;Wonosobo;Harga Produsen;0;16000;0;13000;0;0;45000;55000;60000;0;8000;0;6000;0;2000;7000;
1481;15 Februari 2021;Wonosobo;Harga Produsen;0;17000;0;13000;0;0;45000;55000;66000;0;8000;0;6000;0;2000;7000;
1523;11 Februari 2021;Wonosobo;Harga Produsen;0;16000;0;13000;0;0;45000;55000;60000;0;8000;0;6000;0;2000;7000;
1525;16 Februari 2021;Wonosobo;Harga Produsen;0;17000;0;13000;0;0;45000;55000;66000;0;8000;0;6000;0;2000;7000;
1628;17 Februari 2021;Wonosobo;Harga Produsen;0;17000;0;13000;0;0;50000;55000;70000;0;8000;0;4000;0;2500;7000;
1631;18 Februari 2021;Wonosobo;Harga Produsen;0;17000;0;13000;0;0;50000;55000;70000;0;8000;0;4000;0;2500;7000;
1685;19 Februari 2021;Wonosobo;Harga Produsen;0;17000;0;13000;0;0;50000;55000;70000;0;8000;0;4000;0;2500;7000;
1754;22 Februari 2021;Wonosobo;Harga Produsen;0;17000;0;13000;0;0;45000;45000;75000;0;8000;0;4000;0;2500;7000;
1797;23 Februari 2021;Wonosobo;Harga Produsen;0;17000;0;13000;0;0;45000;45000;75000;0;8000;0;4000;0;2500;7000;
1825;24 Februari 2021;Wonosobo;Harga Produsen;0;17000;0;13000;0;0;45000;45000;75000;0;8000;0;4000;0;2500;7000;
1880;25 Februari 2021;Wonosobo;Harga Produsen;0;17000;0;13000;0;0;45000;45000;75000;0;8000;0;4000;0;2500;7000;
1992;01 Maret 2021;Wonosobo;Harga Produsen;0;17000;0;13000;0;0;45000;45000;75000;0;8000;0;3000;0;2000;7000;
1995;26 Februari 2021;Wonosobo;Harga Produsen;0;17000;0;13000;0;0;45000;45000;75000;0;8000;0;4000;0;2500;7000;
2065;02 Maret 2021;Wonosobo;Harga Produsen;0;18000;0;15000;0;0;45000;45000;75000;0;8000;0;3500;0;2000;7000;
2103;03 Maret 2021;Wonosobo;Harga Produsen;0;18000;0;15000;0;0;40000;45000;85000;0;8000;0;3500;0;2000;7000;
2142;04 Maret 2021;Wonosobo;Harga Produsen;0;18000;0;15000;0;0;40000;45000;85000;0;8000;0;3500;0;3000;7000;
2220;05 Maret 2021;Wonosobo;Harga Produsen;0;18000;0;15000;0;0;40000;45000;85000;0;8000;0;3500;0;3000;7000;
2327;09 Maret 2021;Wonosobo;Harga Produsen;0;18000;0;15000;0;0;45000;45000;55000;0;8000;0;7000;0;2500;7000;
2328;09 Maret 2021;Wonosobo;Harga Produsen;0;18000;0;15000;0;0;45000;45000;85000;0;8000;0;7000;0;2500;7000;
2329;09 Maret 2021;Wonosobo;Harga Produsen;0;18000;0;15000;0;0;45000;45000;85000;0;8000;0;4000;0;2500;7000;
2331;09 Maret 2021;Wonosobo;Harga Produsen;0;18000;0;15000;0;0;45000;45000;85000;0;8000;0;4000;0;2500;7000;
2339;08 Maret 2021;Wonosobo;Harga Produsen;0;18000;0;15000;0;0;45000;45000;85000;0;8000;0;4000;0;2500;7000;
2341;10 Maret 2021;Wonosobo;Harga Produsen;0;18000;0;15000;0;0;45000;45000;85000;0;8000;0;4000;0;2500;7000;
2452;12 Maret 2021;Wonosobo;Harga Produsen;0;20000;0;15000;0;0;45000;45000;85000;0;8000;0;3000;0;2500;7000;
2511;15 Maret 2021;Wonosobo;Harga Produsen;0;25000;0;15000;0;0;45000;35000;95000;0;8000;0;3000;0;3000;7000;
2594;16 Maret 2021;Wonosobo;Harga Produsen;0;25000;0;15000;0;0;45000;35000;95000;0;8000;0;3000;0;3000;7000;
2609;17 Maret 2021;Wonosobo;Harga Produsen;0;25000;0;15000;0;0;50000;35000;110000;0;8000;0;3000;0;6000;7000;
2664;18 Maret 2021;Wonosobo;Harga Produsen;0;25000;0;15000;0;0;50000;35000;110000;0;8000;0;3000;0;6000;7000;
2765;19 Maret 2021;Wonosobo;Harga Produsen;0;25000;0;15000;0;0;50000;35000;110000;0;8000;0;3000;0;6000;7000;
2768;22 Maret 2021;Wonosobo;Harga Produsen;0;25000;0;15000;0;0;50000;30000;110000;0;8000;0;3000;0;6000;6000;
2921;23 Maret 2021;Wonosobo;Harga Produsen;0;23000;0;15000;0;0;50000;30000;110000;0;8000;0;3000;0;6000;6000;
2926;24 Maret 2021;Wonosobo;Harga Produsen;0;23000;0;15000;0;0;50000;30000;95000;0;8000;0;3000;0;6000;6000;
2974;25 Maret 2021;Wonosobo;Harga Produsen;0;23000;0;15000;0;0;50000;30000;73000;0;8000;0;3000;0;6000;6000;
3096;29 Maret 2021;Wonosobo;Harga Produsen;0;21000;0;15000;0;0;45000;30000;65000;0;8000;0;2500;0;6000;6000;
3098;26 Maret 2021;Wonosobo;Harga Produsen;0;23000;0;15000;0;0;50000;30000;73000;0;8000;0;3000;0;6000;6000;
3131;30 Maret 2021;Wonosobo;Harga Produsen;0;21000;0;15000;0;0;45000;30000;65000;0;8000;0;2500;0;6000;6000;
3206;31 Maret 2021;Wonosobo;Harga Produsen;0;21000;0;15000;0;0;40000;30000;50000;0;8000;0;2500;0;6000;6000;
3244;01 April 2021;Wonosobo;Harga Produsen;0;21000;0;15000;0;0;40000;30000;45000;0;8000;0;2500;0;5000;4000;
3252;04 Januari 2021;Wonosobo;Harga Produsen;0;17000;0;13000;0;0;40000;35000;57000;0;9000;0;7000;0;4000;7000;
3315;05 April 2021;Wonosobo;Harga Produsen;0;20000;0;13000;0;0;35000;30000;40000;0;8000;0;2500;0;4000;4000;
3364;06 April 2021;Wonosobo;Harga Produsen;0;18000;0;13000;0;0;40000;30000;45000;0;8000;0;2000;0;4000;4000;
3472;08 April 2021;Wonosobo;Harga Produsen;0;18000;0;13000;0;0;35000;30000;50000;0;8000;0;2000;0;3000;3000;
3617;13 April 2021;Wonosobo;Harga Produsen;0;18000;0;13000;0;0;40000;30000;45000;0;8000;0;2000;0;3000;3000;
3649;07 April 2021;Wonosobo;Harga Produsen;0;18000;0;13000;0;0;40000;30000;50000;0;8000;0;2000;0;4000;4000;
3653;09 April 2021;Wonosobo;Harga Produsen;0;18000;0;13000;0;0;35000;30000;50000;0;8000;0;2000;0;3000;3000;
3657;12 April 2021;Wonosobo;Harga Produsen;0;18000;0;13000;0;0;40000;30000;50000;0;8000;0;2000;0;3000;3000;
3708;14 April 2021;Wonosobo;Harga Produsen;0;18000;0;13000;0;0;32000;32000;42000;0;8000;0;2000;0;3000;3000;
3747;15 April 2021;Wonosobo;Harga Produsen;0;18000;0;13000;0;0;32000;32000;52000;0;8000;0;2000;0;3000;3000;
3801;16 April 2021;Wonosobo;Harga Produsen;0;18000;0;13000;0;0;32000;32000;42000;0;8000;0;2000;0;3000;3000;
3864;19 April 2021;Wonosobo;Harga Produsen;0;18000;0;13000;0;0;32000;28000;42000;0;8000;0;2000;0;3000;3000;
3894;20 April 2021;Wonosobo;Harga Produsen;0;18000;0;13000;0;0;32000;28000;42000;0;9000;0;2000;0;3000;3500;
3951;21 April 2021;Wonosobo;Harga Produsen;0;18000;0;13000;0;0;32000;28000;32000;0;9000;0;2000;0;3000;3500;
3988;22 April 2021;Wonosobo;Harga Produsen;0;18000;0;13000;0;0;32000;28000;32000;0;9000;0;2000;0;3000;3500;
4032;23 April 2021;Wonosobo;Harga Produsen;0;18000;0;13000;0;0;32000;28000;32000;0;9000;0;2000;0;3000;3500;
4107;26 April 2021;Wonosobo;Harga Produsen;0;18000;0;13000;0;0;17000;27000;24000;0;9000;0;2000;0;3000;3500;
4167;27 April 2021;Wonosobo;Harga Produsen;0;18000;0;13000;0;0;17000;17000;24000;0;9000;0;1500;0;3000;3500;
4206;28 April 2021;Wonosobo;Harga Produsen;0;18000;0;13000;0;0;17000;17000;24000;0;9000;0;1500;0;3000;3500;
4249;29 April 2021;Wonosobo;Harga Produsen;0;18000;0;13000;0;0;17000;17000;24000;0;9000;0;1500;0;3000;3500;
4339;30 April 2021;Wonosobo;Harga Produsen;0;18000;0;13000;0;0;17000;17000;24000;0;9000;0;1500;0;3000;3500;
4405;03 Mei 2021;Wonosobo;Harga Produsen;0;15000;0;13000;0;0;17000;17000;30000;0;9000;0;1500;0;3000;4000;
4454;04 Mei 2021;Wonosobo;Harga Produsen;0;15000;0;13000;0;0;17000;17000;35000;0;9000;0;1500;0;3000;4000;
4541;05 Mei 2021;Wonosobo;Harga Produsen;0;15000;0;13000;0;0;17000;17000;30000;0;9000;0;1500;0;3000;4000;
4581;06 Mei 2021;Wonosobo;Harga Produsen;0;15000;0;13000;0;0;25000;17000;40000;0;9000;0;1500;0;3000;4000;
4672;07 Mei 2021;Wonosobo;Harga Produsen;0;15000;0;13000;0;0;25000;17000;40000;0;9000;0;1500;0;3000;4000;
4803;10 Mei 2021;Wonosobo;Harga Produsen;0;15000;0;13000;0;0;22000;17000;40000;0;9000;0;1500;0;3000;4000;0
4939;11 Mei 2021;Wonosobo;Harga Produsen;0;15000;0;13000;0;0;22000;17000;40000;0;9000;0;1500;0;3000;4000;0
5157;19 Mei 2021;Wonosobo;Harga Produsen;0;15000;0;13000;0;0;15000;20000;35000;0;9000;0;1500;0;3000;4000;0
5159;18 Mei 2021;Wonosobo;Harga Produsen;0;15000;0;13000;0;0;20000;20000;40000;0;9000;0;1500;0;3000;4000;0
5161;17 Mei 2021;Wonosobo;Harga Produsen;0;15000;0;15000;0;0;20000;20000;40000;0;9000;0;1500;0;3000;4000;0
5215;20 Mei 2021;Wonosobo;Harga Produsen;0;15000;0;13000;0;0;14000;17000;30000;0;9000;0;1500;0;3000;4000;0
5261;21 Mei 2021;Wonosobo;Harga Produsen;0;15000;0;13000;0;0;14000;17000;30000;0;9000;0;1500;0;3000;4000;0
5315;24 Mei 2021;Wonosobo;Harga Produsen;0;14000;0;13000;0;0;14000;17000;22000;0;9000;0;1500;0;3500;4000;0
5372;25 Mei 2021;Wonosobo;Harga Produsen;0;14000;0;13000;0;0;14000;17000;22000;0;9000;0;1500;0;3500;4000;0
5440;27 Mei 2021;Wonosobo;Harga Produsen;0;14000;0;13000;0;0;14000;17000;22000;0;9000;0;1500;0;3500;4000;0
5498;28 Mei 2021;Wonosobo;Harga Produsen;0;14000;0;13000;0;0;14000;17000;22000;0;9000;0;1500;0;3500;4000;0
5557;31 Mei 2021;Wonosobo;Harga Produsen;0;14000;0;13000;0;0;14000;15000;22000;0;9000;0;1500;0;3500;4000;0
5613;02 Juni 2021;Wonosobo;Harga Produsen;0;14000;0;13000;0;0;13000;15000;20000;0;9000;0;1500;0;3500;4000;0
5671;03 Juni 2021;Wonosobo;Harga Produsen;0;14000;0;13000;0;0;13000;15000;20000;0;9000;0;1500;0;3500;4000;0
5726;04 Juni 2021;Wonosobo;Harga Produsen;0;14000;0;13000;0;0;13000;15000;20000;0;9000;0;1500;0;3500;4000;0
5787;07 Juni 2021;Wonosobo;Harga Produsen;0;14000;0;13000;0;0;10000;12000;18000;0;9000;0;1500;0;3500;3500;0
5830;08 Juni 2021;Wonosobo;Harga Produsen;0;15000;0;13000;0;0;10000;12000;18000;0;9000;0;1500;0;3500;3500;0
5878;09 Juni 2021;Wonosobo;Harga Produsen;0;15000;0;13000;0;0;10000;12000;22000;0;9000;0;1500;0;3500;3500;0
5938;10 Juni 2021;Wonosobo;Harga Produsen;0;15000;0;13000;0;0;10000;12000;22000;0;9000;0;1500;0;3500;3500;0
6049;14 Juni 2021;Wonosobo;Harga Produsen;0;14000;0;12000;0;0;10000;12000;22000;0;9000;0;1500;0;3500;3500;0
6065;11 Juni 2021;Wonosobo;Harga Produsen;0;15000;0;13000;0;0;10000;12000;22000;0;9000;0;1500;0;3500;3500;0
6223;17 Juni 2021;Wonosobo;Harga Produsen;0;13000;0;13000;0;0;9000;19000;20000;0;9000;0;2500;0;4000;4000;0
6227;16 Juni 2021;Wonosobo;Harga Produsen;0;13000;0;13000;0;0;9000;19000;20000;0;9000;0;2500;0;4000;4000;0
6229;15 Juni 2021;Wonosobo;Harga Produsen;0;13000;0;13000;0;0;9000;19000;20000;0;9000;0;2500;0;4000;4000;0
6264;18 Juni 2021;Wonosobo;Harga Produsen;0;13000;0;13000;0;0;9000;19000;20000;0;9000;0;2500;0;4000;4000;0
6315;21 Juni 2021;Wonosobo;Harga Produsen;0;13000;0;13000;0;0;9000;19000;25000;0;9000;0;2500;0;4000;4000;0
6405;22 Juni 2021;Wonosobo;Harga Produsen;0;13000;0;13000;0;0;9000;19000;25000;0;9000;0;2500;0;4000;4000;0
6453;23 Juni 2021;Wonosobo;Harga Produsen;0;13000;0;13000;0;0;10000;23000;29000;0;9000;0;2500;0;4500;4500;0
6468;24 Juni 2021;Wonosobo;Harga Produsen;0;13000;0;13000;0;0;10000;23000;29000;0;9000;0;2500;0;4500;4500;0
6586;25 Juni 2021;Wonosobo;Harga Produsen;0;13000;0;13000;0;0;10000;23000;29000;0;9000;0;2500;0;4500;4500;0
6591;28 Juni 2021;Wonosobo;Harga Produsen;0;13000;0;13000;0;0;15000;23000;32000;0;9000;0;2500;0;4500;4500;0
6636;29 Juni 2021;Wonosobo;Harga Produsen;0;13000;0;13000;0;0;15000;23000;32000;0;9000;0;2500;0;4500;4500;0
6762;01 Juli 2021;Wonosobo;Harga Produsen;0;13000;0;13000;0;0;15000;23000;35000;0;9000;0;2500;0;5000;5000;0
6764;30 Juni 2021;Wonosobo;Harga Produsen;0;13000;0;13000;0;0;15000;23000;32000;0;9000;0;2500;0;4500;4500;0
6786;02 Juli 2021;Wonosobo;Harga Produsen;0;13000;0;13000;0;0;15000;23000;34000;0;9000;0;2500;0;5000;5000;0
6837;05 Juli 2021;Wonosobo;Harga Produsen;0;13000;0;13000;0;0;15000;25000;34000;0;9000;0;2500;0;6500;5000;0
6883;06 Juli 2021;Wonosobo;Harga Produsen;0;13000;0;13000;0;0;15000;28000;32000;0;9000;0;2500;0;6500;5000;0
6925;07 Juli 2021;Wonosobo;Harga Produsen;0;13000;0;13000;0;0;15000;28000;32000;0;9000;0;2500;0;6500;5000;0
6989;08 Juli 2021;Wonosobo;Harga Produsen;0;13000;0;13000;0;0;15000;28000;32000;0;9000;0;2500;0;6500;5000;0
7171;12 Juli 2021;Wonosobo;Harga Produsen;0;13000;0;13000;0;0;15000;28000;32000;0;9000;0;2500;0;6500;5000;0
7224;13 Juli 2021;Wonosobo;Harga Produsen;0;15000;0;13000;0;0;15000;28000;40000;0;9000;0;2500;0;7000;6500;0
7226;09 Juli 2021;Wonosobo;Harga Produsen;0;13000;0;13000;0;0;15000;28000;32000;0;9000;0;2500;0;6500;5000;0
7279;14 Juli 2021;Wonosobo;Harga Produsen;0;15000;0;13000;0;0;15000;28000;40000;0;9000;0;2500;0;7000;6500;0
7324;15 Juli 2021;Wonosobo;Harga Produsen;0;15000;0;13000;0;0;15000;22000;45000;0;9000;0;3000;0;7500;7000;0
7354;16 Juli 2021;Wonosobo;Harga Produsen;0;15000;0;13000;0;0;15000;22000;45000;0;9000;0;3000;0;7500;7000;0
7389;19 Juli 2021;Wonosobo;Harga Produsen;0;17000;0;13000;0;0;16000;28000;50000;0;9000;0;3000;0;9000;7000;0
7490;22 Juli 2021;Wonosobo;Harga Produsen;0;17000;0;13000;0;0;16000;28000;50000;0;9000;0;3000;0;12000;7000;0
7493;21 Juli 2021;Wonosobo;Harga Produsen;0;17000;0;13000;0;0;16000;28000;50000;0;9000;0;3000;0;12000;7000;0
7572;23 Juli 2021;Wonosobo;Harga Produsen;0;18000;0;13000;0;0;16000;28000;50000;0;9000;0;3000;0;13000;8000;0
7638;26 Juli 2021;Wonosobo;Harga Produsen;0;18000;0;13000;0;0;16000;28000;25000;0;9000;0;3000;0;13000;8000;0
7696;27 Juli 2021;Wonosobo;Harga Produsen;0;18000;0;13000;0;0;16000;20000;25000;0;9000;0;3000;0;13000;8000;0
7743;28 Juli 2021;Wonosobo;Harga Produsen;0;18000;0;13000;0;0;14000;14000;20000;0;9000;0;3000;0;14000;8000;0
7765;29 Juli 2021;Wonosobo;Harga Produsen;0;18000;0;13000;0;0;14000;14000;20000;0;9000;0;3000;0;14000;8000;0
7913;30 Juli 2021;Wonosobo;Harga Produsen;0;18000;0;13000;0;0;14000;14000;20000;0;9000;0;3000;0;14000;8000;0
7916;02 Agustus 2021;Wonosobo;Harga Produsen;0;15000;0;13000;0;0;12000;14000;20000;0;9000;0;3000;0;14000;8000;0
7960;03 Agustus 2021;Wonosobo;Harga Produsen;0;15000;0;13000;0;0;12000;14000;20000;0;9000;0;3000;0;14000;8000;0
8026;04 Agustus 2021;Wonosobo;Harga Produsen;0;15000;0;13000;0;0;12000;14000;20000;0;9000;0;3000;0;14000;8000;0
8057;05 Agustus 2021;Wonosobo;Harga Produsen;0;15000;0;13000;0;0;12000;14000;20000;0;9000;0;3000;0;14000;8000;0
8144;06 Agustus 2021;Wonosobo;Harga Produsen;0;15000;0;13000;0;0;12000;14000;20000;0;9000;0;3000;0;14000;8000;0
8146;09 Agustus 2021;Wonosobo;Harga Produsen;0;15000;0;13000;0;0;12000;14000;15000;0;9000;0;3000;0;14000;8000;0
8209;10 Agustus 2021;Wonosobo;Harga Produsen;0;15000;0;13000;0;0;12000;14000;14000;0;9000;0;3000;0;14000;8000;0
8250;12 Agustus 2021;Wonosobo;Harga Produsen;0;15000;0;13000;0;0;12000;14000;14000;0;9000;0;3000;0;14000;8000;0
8290;13 Agustus 2021;Wonosobo;Harga Produsen;0;15000;0;13000;0;0;12000;14000;13000;0;9000;0;3000;0;14000;8000;0
8398;16 Agustus 2021;Wonosobo;Harga Produsen;0;15000;0;13000;0;0;12000;12000;10000;0;9000;0;3000;0;14000;8000;0
8449;18 Agustus 2021;Wonosobo;Harga Produsen;0;15000;0;13000;0;0;12000;12000;10000;0;9000;0;3000;0;14000;8000;0
8555;19 Agustus 2021;Wonosobo;Harga Produsen;0;15000;0;13000;0;0;10000;12000;10000;0;9000;0;3000;0;14000;8000;0
8577;20 Agustus 2021;Wonosobo;Harga Produsen;0;15000;0;13000;0;0;10000;12000;10000;0;9000;0;3000;0;14000;8000;0
8662;23 Agustus 2021;Wonosobo;Harga Produsen;0;13000;0;13000;0;0;8000;10000;8000;0;9000;0;3500;0;14000;8000;0
8677;24 Agustus 2021;Wonosobo;Harga Produsen;0;15000;0;13000;0;0;8000;10000;8000;0;9000;0;3500;0;14000;8000;0
8747;25 Agustus 2021;Wonosobo;Harga Produsen;0;15000;0;13000;0;0;8000;10000;8000;0;9000;0;3500;0;14000;8000;0
8794;26 Agustus 2021;Wonosobo;Harga Produsen;0;15000;0;13000;0;0;8000;10000;8000;0;9000;0;3500;0;14000;8000;0
8851;27 Agustus 2021;Wonosobo;Harga Produsen;0;15000;0;13000;0;0;8000;10000;8000;0;9000;0;3500;0;14000;8000;0
8946;30 Agustus 2021;Wonosobo;Harga Produsen;0;15000;0;13000;0;0;7000;8000;8000;0;9000;0;3500;0;14000;8000;0
9000;31 Agustus 2021;Wonosobo;Harga Produsen;0;15000;0;13000;0;0;7000;8000;8000;0;9000;0;3500;0;14000;8000;0
9057;01 September 2021;Wonosobo;Harga Produsen;0;15000;0;13000;0;0;7000;8000;8000;0;9000;0;3500;0;14000;8000;0
9140;02 September 2021;Wonosobo;Harga Produsen;0;15000;0;13000;0;0;7000;8000;8000;0;9000;0;3500;0;14000;8000;0
9181;03 September 2021;Wonosobo;Harga Produsen;0;15000;0;13000;0;0;7000;8000;8000;0;9000;0;3500;0;14000;8000;0
9277;06 September 2021;Wonosobo;Harga Produsen;0;15000;0;13000;0;0;7000;8000;8000;0;9000;0;3500;0;14000;8000;0
9355;08 September 2021;Wonosobo;Harga Produsen;0;15000;0;13000;0;0;7000;9000;9000;0;9000;0;3500;0;13000;8000;0
9357;07 September 2021;Wonosobo;Harga Produsen;0;15000;0;13000;0;0;7000;8000;8000;0;9000;0;3500;0;13000;8000;0
9431;10 September 2021;Wonosobo;Harga Produsen;0;15000;0;13000;0;0;9000;10000;9000;0;9000;0;3500;0;13000;8000;0
9439;09 September 2021;Wonosobo;Harga Produsen;0;15000;0;13000;0;0;9000;10000;9000;0;9000;0;3500;0;13000;8000;0
9541;13 September 2021;Wonosobo;Harga Produsen;0;15000;0;13000;0;0;9000;10000;9000;0;9000;0;3500;0;13000;8000;0
9610;14 September 2021;Wonosobo;Harga Produsen;0;15000;0;13000;0;0;9000;10000;9000;0;9000;0;3500;0;13000;8000;0
9618;15 September 2021;Wonosobo;Harga Produsen;0;15000;0;13000;0;0;9000;10000;9000;0;9000;0;3500;0;13000;8000;0
9701;16 September 2021;Wonosobo;Harga Produsen;0;15000;0;13000;0;0;9000;10000;10000;0;9000;0;3500;0;13000;8000;0
9735;17 September 2021;Wonosobo;Harga Produsen;0;15000;0;13000;0;0;9000;10000;11000;0;9000;0;4000;0;13000;8000;0
9790;20 September 2021;Wonosobo;Harga Produsen;0;15000;0;13000;0;0;9000;10000;11000;0;9000;0;4000;0;13000;8000;0
9837;21 September 2021;Wonosobo;Harga Produsen;0;15000;0;13000;0;0;9000;10000;11000;0;10000;0;4000;0;12000;8000;0
9966;22 September 2021;Wonosobo;Harga Produsen;0;14000;0;13000;0;0;9000;10000;11000;0;10000;0;4000;0;12000;8000;0
9981;23 September 2021;Wonosobo;Harga Produsen;0;14000;0;13000;0;0;10000;10000;11000;0;10000;0;4000;0;12000;8000;0
10024;24 September 2021;Wonosobo;Harga Produsen;0;14000;0;13000;0;0;10000;10000;11000;0;10000;0;4000;0;12000;8000;0
10142;28 September 2021;Wonosobo;Harga Produsen;0;14000;0;13000;0;0;12000;14000;14000;0;10000;0;4000;0;7000;8000;0
10144;28 September 2021;Wonosobo;Harga Produsen;0;14000;0;13000;0;0;12000;14000;14000;0;10000;0;4000;0;7000;8000;0
10145;27 September 2021;Wonosobo;Harga Produsen;0;14000;0;13000;0;0;12000;14000;14000;0;10000;0;4000;0;7000;8000;0
10185;29 September 2021;Wonosobo;Harga Produsen;0;14000;0;13000;0;0;12000;14000;14000;0;10000;0;4000;0;7000;8000;0
10258;30 September 2021;Wonosobo;Harga Produsen;0;14000;0;13000;0;0;12000;14000;14000;0;10000;0;4000;0;7000;8000;0
10392;04 Oktober 2021;Wonosobo;Harga Produsen;0;14000;0;13000;0;0;19000;15000;19000;0;10000;0;4000;0;7000;8000;0
10393;01 Oktober 2021;Wonosobo;Harga Produsen;0;14000;0;13000;0;0;12000;14000;14000;0;10000;0;4000;0;7000;8000;0
10426;05 Oktober 2021;Wonosobo;Harga Produsen;0;14000;0;13000;0;0;19000;15000;19000;0;10000;0;3000;0;6000;8000;0
10465;06 Oktober 2021;Wonosobo;Harga Produsen;0;14000;0;13000;0;0;24000;17000;16000;0;10000;0;3000;0;6000;8000;0
10533;07 Oktober 2021;Wonosobo;Harga Produsen;0;14000;0;13000;0;0;24000;17000;16000;0;10000;0;3000;0;6000;8000;0
10587;08 Oktober 2021;Wonosobo;Harga Produsen;0;14000;0;13000;0;0;24000;17000;16000;0;10000;0;3000;0;6000;8000;0
10667;11 Oktober 2021;Wonosobo;Harga Produsen;0;14000;0;13000;0;0;24000;17000;16000;0;10000;0;3000;0;6000;8000;0
10837;12 Oktober 2021;Wonosobo;Harga Produsen;0;14000;0;13000;0;0;24000;17000;16000;0;10000;0;3000;0;6000;8000;0
10840;13 Oktober 2021;Wonosobo;Harga Produsen;0;14000;0;13000;0;0;24000;17000;16000;0;10000;0;3000;0;6000;8000;0
10843;14 Oktober 2021;Wonosobo;Harga Produsen;0;14000;0;13000;0;0;24000;17000;16000;0;10000;0;3000;0;6000;8000;0
10996;15 Oktober 2021;Wonosobo;Harga Produsen;0;14000;0;13000;0;0;24000;17000;18000;0;10000;0;3000;0;6000;8000;0
10998;18 Oktober 2021;Wonosobo;Harga Produsen;0;15000;0;13000;0;0;24000;17000;18000;0;10000;0;3000;0;5000;8000;0
11042;19 Oktober 2021;Wonosobo;Harga Produsen;0;15000;0;13000;0;0;24000;17000;19000;0;10000;0;3000;0;5000;8000;0
11163;22 Oktober 2021;Wonosobo;Harga Produsen;0;15000;0;13000;0;0;24000;17000;19000;0;10000;0;3000;0;5000;8000;0
11165;21 Oktober 2021;Wonosobo;Harga Produsen;0;15000;0;13000;0;0;24000;17000;19000;0;10000;0;3000;0;5000;8000;0
11335;26 Oktober 2021;Wonosobo;Harga Produsen;0;15000;0;13000;0;0;26000;17000;19000;0;10000;0;3000;0;4000;8000;0
11337;25 Oktober 2021;Wonosobo;Harga Produsen;0;15000;0;13000;0;0;26000;17000;19000;0;10000;0;3000;0;4000;8000;0
11371;27 Oktober 2021;Wonosobo;Harga Produsen;0;15000;0;13000;0;0;26000;17000;19000;0;10000;0;3000;0;4000;8000;0
11377;28 Oktober 2021;Wonosobo;Harga Produsen;0;15000;0;13000;0;0;26000;17000;19000;0;10000;0;3000;0;4000;8000;0
11448;29 Oktober 2021;Wonosobo;Harga Produsen;0;15000;0;13000;0;0;26000;17000;18000;0;10000;0;3000;0;4000;8000;0
11511;01 November 2021;Wonosobo;Harga Produsen;0;15000;0;13000;0;0;28000;18000;17000;0;10000;0;3000;0;4000;7000;0
11531;02 November 2021;Wonosobo;Harga Produsen;0;15000;0;13000;0;0;28000;18000;15000;0;8000;0;3000;0;4000;7000;0
11631;03 November 2021;Wonosobo;Harga Produsen;0;15000;0;13000;0;0;28000;18000;15000;0;8000;0;3000;0;4000;7000;0
11642;04 November 2021;Wonosobo;Harga Produsen;0;14000;0;13000;0;0;32000;14000;15000;0;8000;0;3000;0;4000;7000;0
11852;05 November 2021;Wonosobo;Harga Produsen;0;14000;0;13000;0;0;32000;14000;15000;0;8000;0;3000;0;4000;7000;0
11854;08 November 2021;Wonosobo;Harga Produsen;0;14000;0;13000;0;0;32000;14000;15000;0;8000;0;3000;0;4000;7000;0
11879;09 November 2021;Wonosobo;Harga Produsen;0;14000;0;13000;0;0;32000;14000;15000;0;8000;0;3000;0;4000;7000;0
11977;11 November 2021;Wonosobo;Harga Produsen;0;14000;0;13000;0;0;32000;14000;15000;0;8000;0;3000;0;4000;7000;0
11979;10 November 2021;Wonosobo;Harga Produsen;0;14000;0;13000;0;0;32000;14000;15000;0;8000;0;3000;0;4000;7000;0
12085;15 November 2021;Wonosobo;Harga Produsen;0;12000;0;13000;0;0;32000;14000;15000;0;8000;0;3000;0;4000;7000;0
12087;12 November 2021;Wonosobo;Harga Produsen;0;12000;0;13000;0;0;32000;14000;15000;0;8000;0;3000;0;4000;7000;0
12130;16 November 2021;Wonosobo;Harga Produsen;0;12000;0;13000;0;0;32000;14000;15000;0;8000;0;3000;0;4000;7000;0
12148;17 November 2021;Wonosobo;Harga Produsen;0;12000;0;13000;0;0;32000;14000;15000;0;8000;0;3000;0;3000;7000;0
12243;19 November 2021;Wonosobo;Harga Produsen;0;12000;0;13000;0;0;32000;14000;15000;0;8000;0;3000;0;3000;7000;0
12246;18 November 2021;Wonosobo;Harga Produsen;0;12000;0;13000;0;0;32000;14000;15000;0;8000;0;3000;0;3000;7000;0
12712;23 November 2021;Wonosobo;Harga Produsen;0;12000;0;13000;0;0;30000;20000;19000;0;8000;0;2500;0;2000;7000;0
12714;22 November 2021;Wonosobo;Harga Produsen;0;12000;0;13000;0;0;30000;20000;19000;0;8000;0;2500;0;2000;7000;0
12757;24 November 2021;Wonosobo;Harga Produsen;0;12000;0;13000;0;0;30000;20000;19000;0;8000;0;2500;0;2000;7000;0
12844;26 November 2021;Wonosobo;Harga Produsen;0;12000;0;13000;0;0;30000;20000;19000;0;8000;0;2500;0;2000;7000;0
12846;25 November 2021;Wonosobo;Harga Produsen;0;12000;0;13000;0;0;30000;20000;19000;0;8000;0;2500;0;2000;7000;0
12901;29 November 2021;Wonosobo;Harga Produsen;0;12000;0;13000;0;0;30000;23000;22000;0;8000;0;2500;0;2000;7000;0
12983;30 November 2021;Wonosobo;Harga Produsen;0;12000;0;13000;0;0;30000;28000;28000;0;8000;0;2500;0;2000;7000;0
13063;02 Desember 2021;Wonosobo;Harga Produsen;0;12000;0;13000;0;0;30000;28000;32000;0;8000;0;1500;0;2000;7000;0
13065;01 Desember 2021;Wonosobo;Harga Produsen;0;12000;0;13000;0;0;30000;28000;32000;0;8000;0;1500;0;2000;7000;0
13117;03 Desember 2021;Wonosobo;Harga Produsen;0;12000;0;13000;0;0;30000;28000;32000;0;8000;0;1500;0;2000;7000;0
13368;06 Desember 2021;Wonosobo;Harga Produsen;0;12000;0;13000;0;0;32000;35000;50000;0;8000;0;1500;0;2500;7000;0
13372;07 Desember 2021;Wonosobo;Harga Produsen;0;12000;0;13000;0;0;32000;35000;50000;0;8000;0;1500;0;2500;7000;0
13374;08 Desember 2021;Wonosobo;Harga Produsen;0;12000;0;13000;0;0;32000;35000;50000;0;8000;0;1500;0;2500;7000;0
13422;09 Desember 2021;Wonosobo;Harga Produsen;0;12000;0;13000;0;0;32000;35000;50000;0;8000;0;1500;0;2500;7000;0
13456;10 Desember 2021;Wonosobo;Harga Produsen;0;12000;0;13000;0;0;32000;35000;50000;0;8000;0;1500;0;2500;7000;0
13493;13 Desember 2021;Wonosobo;Harga Produsen;0;14000;0;13000;0;0;32000;35000;50000;0;8000;0;1500;0;2500;7000;0
13574;15 Desember 2021;Wonosobo;Harga Produsen;0;14000;0;13000;0;0;35000;35000;65000;0;8000;0;1000;0;3000;6000;0
13576;14 Desember 2021;Wonosobo;Harga Produsen;0;14000;0;13000;0;0;35000;35000;65000;0;8000;0;1000;0;3000;6000;0
13619;16 Desember 2021;Wonosobo;Harga Produsen;0;14000;0;13000;0;0;35000;35000;65000;0;8000;0;1000;0;3000;6000;0
13661;17 Desember 2021;Wonosobo;Harga Produsen;0;14000;0;13000;0;0;35000;35000;65000;0;8000;0;1000;0;3000;6000;0
13702;20 Desember 2021;Wonosobo;Harga Produsen;0;14000;0;13000;0;0;35000;35000;65000;0;8000;0;1000;0;3500;6000;0
13757;21 Desember 2021;Wonosobo;Harga Produsen;0;14000;0;13000;0;0;35000;35000;65000;0;8000;0;1000;0;4000;6000;0
13789;22 Desember 2021;Wonosobo;Harga Produsen;0;14000;0;13000;0;0;35000;35000;70000;0;8000;0;1000;0;5000;6000;0
13832;23 Desember 2021;Wonosobo;Harga Produsen;0;14000;0;13000;0;0;35000;35000;70000;0;8000;0;1000;0;5000;6000;0
13901;24 Desember 2021;Wonosobo;Harga Produsen;0;14000;0;13000;0;0;35000;35000;70000;0;8000;0;1000;0;5000;6000;0
13933;27 Desember 2021;Wonosobo;Harga Produsen;0;14000;0;13000;0;0;35000;38000;70000;0;9000;0;1000;0;5000;6000;0
13988;28 Desember 2021;Wonosobo;Harga Produsen;0;14000;0;13000;0;0;35000;38000;70000;0;9000;0;1000;0;5000;6000;0
14051;30 Desember 2021;Wonosobo;Harga Produsen;0;14000;0;13000;0;0;35000;38000;70000;0;9500;0;1000;0;5000;6000;0
14055;29 Desember 2021;Wonosobo;Harga Produsen;0;14000;0;13000;0;0;35000;38000;70000;0;9500;0;1000;0;5000;6000;0
14074;31 Desember 2021;Wonosobo;Harga Produsen;0;14000;0;13000;0;0;35000;38000;70000;0;9500;0;1000;0;5000;6000;0
14133;03 Januari 2022;Wonosobo;Harga Produsen;0;14000;0;13000;0;0;27000;35000;55000;0;9000;0;1500;0;5000;6000;0
14179;04 Januari 2022;Wonosobo;Harga Produsen;0;14000;0;13000;0;0;27000;35000;55000;0;9000;0;1500;0;5000;6000;0
14260;05 Januari 2022;Wonosobo;Harga Produsen;0;14000;0;13000;0;0;25000;35000;55000;0;9000;0;1500;0;5000;6000;0
14450;10 Januari 2022;Wonosobo;Harga Produsen;0;14000;0;13000;0;0;15000;30000;30000;0;9000;0;1500;0;5000;6000;0
14452;06 Januari 2022;Wonosobo;Harga Produsen;0;14000;0;13000;0;0;20000;35000;50000;0;9000;0;1500;0;5000;6000;0
14454;07 Januari 2022;Wonosobo;Harga Produsen;0;14000;0;13000;0;0;20000;35000;50000;0;9000;0;1500;0;5000;6000;0
14489;11 Januari 2022;Wonosobo;Harga Produsen;0;14000;0;13000;0;0;15000;35000;30000;0;9000;0;1500;0;5000;6000;0
14510;12 Januari 2022;Wonosobo;Harga Produsen;0;14000;0;13000;0;0;15000;35000;30000;0;9000;0;1500;0;5000;6000;0
14554;13 Januari 2022;Wonosobo;Harga Produsen;0;14000;0;13000;0;0;15000;35000;30000;0;9000;0;1500;0;5000;6000;0
14578;14 Januari 2022;Wonosobo;Harga Produsen;0;14000;0;13000;0;0;15000;35000;30000;0;9000;0;1500;0;5000;6000;0
14745;18 Januari 2022;Wonosobo;Harga Produsen;0;14000;0;13000;0;0;18000;35000;30000;0;9000;0;1500;0;10000;6000;0
14749;17 Januari 2022;Wonosobo;Harga Produsen;0;14000;0;13000;0;0;18000;35000;30000;0;9000;0;1500;0;10000;6000;0
14825;20 Januari 2022;Wonosobo;Harga Produsen;0;14000;0;13000;0;0;18000;35000;30000;0;9000;0;1500;0;10000;6000;0
14827;19 Januari 2022;Wonosobo;Harga Produsen;0;14000;0;13000;0;0;18000;35000;30000;0;9000;0;1500;0;10000;6000;0
14951;24 Januari 2022;Wonosobo;Harga Produsen;0;14000;0;13000;0;0;20000;32000;17000;0;9000;0;1500;0;10000;6000;0
14953;21 Januari 2022;Wonosobo;Harga Produsen;0;14000;0;13000;0;0;18000;35000;30000;0;9000;0;1500;0;10000;6000;0
15013;25 Januari 2022;Wonosobo;Harga Produsen;0;14000;0;13000;0;0;20000;32000;17000;0;9000;0;1500;0;10000;6000;0
15069;26 Januari 2022;Wonosobo;Harga Produsen;0;14000;0;13000;0;0;20000;32000;15000;0;9000;0;1500;0;11000;6000;0
15108;27 Januari 2022;Wonosobo;Harga Produsen;0;14000;0;13000;0;0;20000;32000;15000;0;9000;0;1500;0;11000;6000;0
15133;28 Januari 2022;Wonosobo;Harga Produsen;0;14000;0;13000;0;0;20000;28000;17000;0;9000;0;1500;0;11000;6000;0
15218;31 Januari 2022;Wonosobo;Harga Produsen;0;14000;0;13000;0;0;20000;28000;17000;0;9000;0;1500;0;11000;6000;0
15340;02 Februari 2022;Wonosobo;Harga Produsen;0;16000;0;15000;0;0;20000;22000;17000;0;9000;0;1500;0;11000;6000;0
15389;03 Februari 2022;Wonosobo;Harga Produsen;0;16000;0;15000;0;0;20000;22000;17000;0;9000;0;1500;0;11000;6000;0
15414;04 Februari 2022;Wonosobo;Harga Produsen;0;16000;0;15000;0;0;20000;22000;16000;0;9000;0;1500;0;11000;6000;0
15513;07 Februari 2022;Wonosobo;Harga Produsen;0;16000;0;15000;0;0;20000;22000;16000;0;9000;0;1500;0;11000;6000;0
15560;08 Februari 2022;Wonosobo;Harga Produsen;0;16000;0;15000;0;0;25000;22000;25000;0;9000;0;1500;0;11000;6000;0
15592;09 Februari 2022;Wonosobo;Harga Produsen;0;16000;0;15000;0;0;25000;22000;25000;0;9000;0;1500;0;11000;6000;0
15690;10 Februari 2022;Wonosobo;Harga Produsen;0;16000;0;15000;0;0;25000;22000;25000;0;9000;0;1500;0;11000;6000;0
15735;11 Februari 2022;Wonosobo;Harga Produsen;0;16000;0;15000;0;0;25000;22000;25000;0;9000;0;1500;0;11000;6000;0
15872;14 Februari 2022;Wonosobo;Harga Produsen;0;16000;0;15000;0;0;30000;22000;25000;0;9000;0;1500;0;11000;6000;0
15929;15 Februari 2022;Wonosobo;Harga Produsen;0;16000;0;15000;0;0;30000;17000;25000;0;9000;0;1500;0;11000;6000;0
16034;16 Februari 2022;Wonosobo;Harga Produsen;0;16000;0;15000;0;0;30000;17000;26000;0;9000;0;1500;0;11000;6000;0
16068;17 Februari 2022;Wonosobo;Harga Produsen;0;16000;0;15000;0;0;30000;17000;26000;0;9000;0;1500;0;11000;6000;0
16103;18 Februari 2022;Wonosobo;Harga Produsen;0;16000;0;15000;0;0;30000;17000;26000;0;10000;0;1500;0;11000;6000;0
16241;22 Februari 2022;Wonosobo;Harga Produsen;0;16000;0;15000;0;0;30000;17000;26000;0;10000;0;1500;0;11000;6000;0
16245;21 Februari 2022;Wonosobo;Harga Produsen;0;16000;0;15000;0;0;30000;17000;26000;0;10000;0;1500;0;11000;6000;0
16300;23 Februari 2022;Wonosobo;Harga Produsen;0;16000;0;15000;0;0;30000;17000;26000;0;10000;0;1500;0;11000;6000;0
16355;24 Februari 2022;Wonosobo;Harga Produsen;0;16000;0;15000;0;0;30000;17000;26000;0;10000;0;1500;0;11000;2000;0
16418;25 Februari 2022;Wonosobo;Harga Produsen;0;16000;0;15000;0;0;30000;17000;30000;0;10000;0;1500;0;11000;2000;0
16518;01 Maret 2022;Wonosobo;Harga Produsen;0;16000;0;17000;0;0;35000;17000;37000;0;10000;0;1500;0;7000;2000;0
16600;04 Maret 2022;Wonosobo;Harga Produsen;0;16000;0;17000;0;0;35000;17000;37000;0;10000;0;1500;0;7000;2000;0
16606;02 Maret 2022;Wonosobo;Harga Produsen;0;16000;0;17000;0;0;35000;17000;37000;0;10000;0;1500;0;7000;2000;0
16836;09 Maret 2022;Wonosobo;Harga Produsen;0;16000;0;17000;0;0;45000;26000;55000;0;10000;0;1500;0;5000;2000;0
16838;07 Maret 2022;Wonosobo;Harga Produsen;0;16000;0;17000;0;0;45000;26000;55000;0;10000;0;1500;0;5000;2000;0
16840;08 Maret 2022;Wonosobo;Harga Produsen;0;16000;0;17000;0;0;45000;26000;55000;0;10000;0;1500;0;5000;2000;0
16913;10 Maret 2022;Wonosobo;Harga Produsen;0;16000;0;17000;0;0;45000;26000;40000;0;10000;0;1500;0;5000;2000;0
17003;11 Maret 2022;Wonosobo;Harga Produsen;0;16000;0;17000;0;0;45000;26000;40000;0;10000;0;1500;0;5000;2000;0
17070;14 Maret 2022;Wonosobo;Harga Produsen;0;16000;0;17000;0;0;45000;26000;35000;0;10000;0;1500;0;5000;2000;0
17171;15 Maret 2022;Wonosobo;Harga Produsen;0;16000;0;17000;0;0;40000;26000;40000;0;10000;0;1500;0;5000;2000;0
17211;16 Maret 2022;Wonosobo;Harga Produsen;0;16000;0;17000;0;0;40000;26000;40000;0;10000;0;1500;0;5000;2000;0
17285;17 Maret 2022;Wonosobo;Harga Produsen;0;16000;0;17000;0;0;40000;26000;40000;0;10000;0;1500;0;5000;2000;0
17585;21 Maret 2022;Wonosobo;Harga Produsen;0;16000;0;18000;0;0;33000;22000;33000;0;10000;0;1500;0;5000;2000;0
17587;18 Maret 2022;Wonosobo;Harga Produsen;0;16000;0;17000;0;0;40000;26000;40000;0;10000;0;1500;0;5000;2000;0
17648;22 Maret 2022;Wonosobo;Harga Produsen;0;16000;0;18000;0;0;33000;22000;33000;0;10000;0;1500;0;5000;2000;0
17738;23 Maret 2022;Wonosobo;Harga Produsen;0;16000;0;18000;0;0;33000;22000;33000;0;10000;0;1500;0;5000;2000;0
17976;24 Maret 2022;Wonosobo;Harga Produsen;0;16000;0;18000;0;0;31000;23000;33000;0;10000;0;1500;0;5000;2000;0
18002;25 Maret 2022;Wonosobo;Harga Produsen;0;15000;0;18000;0;0;28000;23000;33000;0;10000;0;1500;0;5000;2000;0
18127;28 Maret 2022;Wonosobo;Harga Produsen;0;15000;0;18000;0;0;28000;23000;33000;0;10000;0;1500;0;3000;2000;0
18188;29 Maret 2022;Wonosobo;Harga Produsen;0;15000;0;18000;0;0;24000;23000;26000;0;10000;0;1500;0;2000;2000;0
18268;30 Maret 2022;Wonosobo;Harga Produsen;0;15000;0;18000;0;0;24000;23000;26000;0;10000;0;2000;0;2000;2000;0
18322;31 Maret 2022;Wonosobo;Harga Produsen;0;15000;0;18000;0;0;24000;23000;26000;0;9500;0;2000;0;2000;2000;0
18379;01 April 2022;Wonosobo;Harga Produsen;0;15000;0;18000;0;0;28000;24000;28000;0;10000;0;2500;0;2500;2500;0
18467;04 April 2022;Wonosobo;Harga Produsen;0;15000;0;18000;0;0;26000;23000;32000;0;9500;0;2000;0;2000;2000;0
18569;05 April 2022;Wonosobo;Harga Produsen;0;15000;0;18000;0;0;26000;23000;32000;0;9500;0;2000;0;2000;2000;0
18628;06 April 2022;Wonosobo;Harga Produsen;0;15000;0;18000;0;0;26000;23000;32000;0;9500;0;2000;0;2000;2000;0
18689;07 April 2022;Wonosobo;Harga Produsen;0;15000;0;18000;0;0;32000;24000;32000;0;10000;0;2500;0;3000;2000;0
18789;08 April 2022;Wonosobo;Harga Produsen;0;15000;0;18000;0;0;32000;24000;32000;0;10000;0;2500;0;3000;2000;0
18878;11 April 2022;Wonosobo;Harga Produsen;0;15000;0;16000;0;0;28000;22000;28000;0;10000;0;2500;0;3000;2000;0
18922;12 April 2022;Wonosobo;Harga Produsen;0;15000;0;16000;0;0;28000;22000;28000;0;10000;0;2500;0;3000;2000;0
19023;13 April 2022;Wonosobo;Harga Produsen;0;15000;0;16000;0;0;15000;17000;15000;0;10000;0;2500;0;3000;2000;0
19086;14 April 2022;Wonosobo;Harga Produsen;0;15000;0;16000;0;0;15000;17000;15000;0;10000;0;2500;0;3000;2000;0
19216;18 April 2022;Wonosobo;Harga Produsen;0;15000;0;16000;0;0;15000;17000;15000;0;10000;0;2500;0;3000;2500;0
19295;19 April 2022;Wonosobo;Harga Produsen;0;15000;0;16000;0;0;15000;17000;15000;0;10000;0;2500;0;3000;2500;0
19345;20 April 2022;Wonosobo;Harga Produsen;0;15000;0;16000;0;0;15000;17000;15000;0;10000;0;2500;0;3000;2500;0
19404;21 April 2022;Wonosobo;Harga Produsen;0;15000;0;16000;0;0;16000;17000;15000;0;10000;0;2500;0;3000;2500;0
19467;22 April 2022;Wonosobo;Harga Produsen;0;15000;0;16000;0;0;16000;17000;16000;0;10000;0;3000;0;3000;3000;0
19563;25 April 2022;Wonosobo;Harga Produsen;0;15000;0;16000;0;0;18000;17000;17000;0;10000;0;3000;0;3000;3000;0
19655;26 April 2022;Wonosobo;Harga Produsen;0;15000;0;16000;0;0;37000;21000;25000;0;10000;0;3000;0;4000;3000;0
19716;27 April 2022;Wonosobo;Harga Produsen;0;15000;0;16000;0;0;37000;21000;25000;0;10000;0;3000;0;4000;3000;0
19769;28 April 2022;Wonosobo;Harga Produsen;0;15000;0;16000;0;0;37000;21000;25000;0;10000;0;3000;0;4000;3500;0
20053;10 Mei 2022;Wonosobo;Harga Produsen;0;17000;0;17000;0;0;16000;26000;22000;0;10000;0;5000;0;4000;4000;0
20063;09 Mei 2022;Wonosobo;Harga Produsen;0;17000;0;17000;0;0;16000;26000;22000;0;10000;0;5000;0;4000;4000;0
20124;11 Mei 2022;Wonosobo;Harga Produsen;0;18000;0;17000;0;0;16000;22000;22000;0;10000;0;4000;0;4000;4000;0
20186;12 Mei 2022;Wonosobo;Harga Produsen;0;18000;0;17000;0;0;17000;22000;22000;0;10000;0;3500;0;4000;4000;0
20250;13 Mei 2022;Wonosobo;Harga Produsen;0;18000;0;17000;0;0;17000;22000;22000;0;10000;0;3500;0;4000;4000;0
20375;17 Mei 2022;Wonosobo;Harga Produsen;0;18000;0;17000;0;0;27000;22000;27000;0;10000;0;4000;0;3500;4000;0
20435;18 Mei 2022;Wonosobo;Harga Produsen;0;18000;0;17000;0;0;30000;25000;30000;0;10000;0;5000;0;4000;4000;0
20484;19 Mei 2022;Wonosobo;Harga Produsen;0;18000;0;17000;0;0;30000;25000;30000;0;10000;0;5000;0;4000;4000;0
20556;20 Mei 2022;Wonosobo;Harga Produsen;0;18000;0;17000;0;0;30000;25000;30000;0;10000;0;5000;0;4000;4000;0
20715;24 Mei 2022;Wonosobo;Harga Produsen;0;18000;0;17000;0;0;30000;25000;35000;0;10000;0;5000;0;4000;4000;0
20805;23 Mei 2022;Wonosobo;Harga Produsen;0;18000;0;17000;0;0;30000;25000;35000;0;10000;0;5000;0;4000;4000;0
20818;25 Mei 2022;Wonosobo;Harga Produsen;0;18000;0;17000;0;0;27000;25000;35000;0;10000;0;5000;0;4000;4000;0
20837;27 Mei 2022;Wonosobo;Harga Produsen;0;18000;0;17000;0;0;40000;30000;40000;0;10000;0;6000;0;4500;4000;0
20926;30 Mei 2022;Wonosobo;Harga Produsen;0;18000;0;17000;0;0;45000;47000;46000;0;10000;0;6000;0;4500;4000;0
21012;31 Mei 2022;Wonosobo;Harga Produsen;0;18000;0;17000;0;0;45000;47000;46000;0;10000;0;6000;0;4500;4000;0
21097;02 Juni 2022;Wonosobo;Harga Produsen;0;18000;0;17000;0;0;45000;40000;50000;0;10000;0;6000;0;8000;4000;0
21165;03 Juni 2022;Wonosobo;Harga Produsen;0;18000;0;17000;0;0;45000;40000;60000;0;10000;0;6000;0;8000;4000;0
21270;06 Juni 2022;Wonosobo;Harga Produsen;0;18000;0;17000;0;0;50000;40000;70000;0;10000;0;6000;0;8000;4000;0
21293;07 Juni 2022;Wonosobo;Harga Produsen;0;18000;0;17000;0;0;50000;40000;70000;0;10000;0;6000;0;9000;4000;0
21365;08 Juni 2022;Wonosobo;Harga Produsen;0;18000;0;17000;0;0;55000;50000;75000;0;10000;0;6000;0;9000;4000;0
21445;09 Juni 2022;Wonosobo;Harga Produsen;0;18000;0;17000;0;0;60000;50000;75000;0;10000;0;6000;0;9000;4000;0
21495;10 Juni 2022;Wonosobo;Harga Produsen;0;18000;0;17000;0;0;60000;50000;75000;0;10000;0;6000;0;9000;4000;0
21568;13 Juni 2022;Wonosobo;Harga Produsen;0;30000;0;17000;0;0;60000;50000;75000;0;10000;0;6000;0;11000;4000;0
21656;14 Juni 2022;Wonosobo;Harga Produsen;0;30000;0;17000;0;0;65000;50000;75000;0;10000;0;6000;0;11000;4000;0
21715;15 Juni 2022;Wonosobo;Harga Produsen;0;30000;0;17000;0;0;65000;55000;80000;0;10000;0;6000;0;11000;4000;0
21762;16 Juni 2022;Wonosobo;Harga Produsen;0;30000;0;17000;0;0;65000;55000;80000;0;10000;0;6000;0;11000;4000;0
21813;17 Juni 2022;Wonosobo;Harga Produsen;0;30000;0;17000;0;0;65000;55000;80000;0;10000;0;6000;0;11000;4000;0
21967;21 Juni 2022;Wonosobo;Harga Produsen;0;30000;0;17000;0;0;65000;55000;80000;0;10000;0;6000;0;11000;4000;0
21970;20 Juni 2022;Wonosobo;Harga Produsen;0;30000;0;17000;0;0;65000;55000;80000;0;10000;0;6000;0;11000;4000;0
22016;22 Juni 2022;Wonosobo;Harga Produsen;0;30000;0;17000;0;0;65000;55000;80000;0;10000;0;6000;0;14000;5000;0
22079;23 Juni 2022;Wonosobo;Harga Produsen;0;30000;0;17000;0;0;65000;55000;80000;0;10000;0;6000;0;14000;5000;0
22134;24 Juni 2022;Wonosobo;Harga Produsen;0;30000;0;17000;0;0;65000;55000;80000;0;10000;0;6000;0;14000;5000;0
22205;27 Juni 2022;Wonosobo;Harga Produsen;0;30000;0;17000;0;0;65000;55000;80000;0;10000;0;6000;0;14000;5000;0
22290;28 Juni 2022;Wonosobo;Harga Produsen;0;30000;0;17000;0;0;65000;60000;84000;0;10000;0;6000;0;14000;5000;0
22356;29 Juni 2022;Wonosobo;Harga Produsen;0;30000;0;17000;0;0;0;65000;60000;0;10000;0;6000;0;14000;5000;84000
22404;30 Juni 2022;Wonosobo;Harga Produsen;0;30000;0;17000;0;0;65000;60000;84000;0;10000;0;6000;0;14000;6000;0
22589;01 Juli 2022;Wonosobo;Harga Produsen;0;30000;0;17000;0;0;65000;60000;84000;0;10000;0;6000;0;14000;6000;0
22592;04 Juli 2022;Wonosobo;Harga Produsen;0;30000;0;17000;0;0;75000;60000;84000;0;10000;0;7500;0;14000;6000;0
22718;06 Juli 2022;Wonosobo;Harga Produsen;0;30000;0;17000;0;0;85000;65000;85000;0;10000;0;7500;0;14500;7000;0
22778;07 Juli 2022;Wonosobo;Harga Produsen;0;30000;0;17000;0;0;80000;65000;80000;0;10000;0;7500;0;14500;8000;0
22781;05 Juli 2022;Wonosobo;Harga Produsen;0;30000;0;17000;0;0;75000;60000;84000;0;10000;0;7500;0;14000;6000;0
22866;08 Juli 2022;Wonosobo;Harga Produsen;0;30000;0;17000;0;0;80000;65000;80000;0;10000;0;7500;0;14500;8000;0
22962;11 Juli 2022;Wonosobo;Harga Produsen;0;30000;0;17000;0;0;80000;65000;80000;0;10000;0;7500;0;14500;8000;0
23043;12 Juli 2022;Wonosobo;Harga Produsen;0;40000;0;17000;0;0;80000;65000;80000;0;10000;0;7500;0;14500;8000;0
23125;13 Juli 2022;Wonosobo;Harga Produsen;0;40000;0;17000;0;0;80000;65000;80000;0;10000;0;7500;0;14500;8000;0
23161;14 Juli 2022;Wonosobo;Harga Produsen;0;40000;0;17000;0;0;80000;65000;80000;0;10000;0;7500;0;14500;8000;0
23190;15 Juli 2022;Wonosobo;Harga Produsen;0;40000;0;17000;0;0;75000;65000;80000;0;10000;0;7500;0;14000;8000;0
23262;18 Juli 2022;Wonosobo;Harga Produsen;0;40000;0;17000;0;0;65000;60000;55000;0;10000;0;7500;0;14000;8000;0
23324;19 Juli 2022;Wonosobo;Harga Produsen;0;40000;0;17000;0;0;55000;45000;55000;0;10000;0;5000;0;14000;10000;0
23401;20 Juli 2022;Wonosobo;Harga Produsen;0;40000;0;17000;0;0;65000;30000;55000;0;11000;0;6000;0;10000;10000;0
23426;21 Juli 2022;Wonosobo;Harga Produsen;0;40000;0;17000;0;0;70000;30000;55000;0;11000;0;6000;0;10000;10000;0
23486;22 Juli 2022;Wonosobo;Harga Produsen;0;40000;0;17000;0;0;70000;30000;55000;0;11000;0;6000;0;10000;10000;0
23573;25 Juli 2022;Wonosobo;Harga Produsen;0;24000;0;17000;0;0;60000;20000;50000;0;11000;0;6000;0;8000;9000;0
23655;26 Juli 2022;Wonosobo;Harga Produsen;0;24000;0;17000;0;0;60000;20000;50000;0;11000;0;6000;0;8000;9000;0
23737;27 Juli 2022;Wonosobo;Harga Produsen;0;24000;0;17000;0;0;60000;20000;50000;0;11000;0;6000;0;8000;9000;0
23740;28 Juli 2022;Wonosobo;Harga Produsen;0;24000;0;17000;0;0;60000;30000;50000;0;11000;0;6000;0;6000;9000;0
23829;29 Juli 2022;Wonosobo;Harga Produsen;0;24000;0;17000;0;0;60000;30000;50000;0;11000;0;6000;0;6000;9000;0
24123;01 Agustus 2022;Wonosobo;Harga Produsen;0;24000;0;17000;0;0;55000;30000;50000;0;11000;0;6000;0;6000;9000;0
24133;02 Agustus 2022;Wonosobo;Harga Produsen;0;24000;0;17000;0;0;55000;35000;50000;0;11000;0;6000;0;6000;9000;0
24363;04 Agustus 2022;Wonosobo;Harga Produsen;0;24000;0;17000;0;0;55000;30000;50000;0;11000;0;6000;0;6000;9000;0
24370;03 Agustus 2022;Wonosobo;Harga Produsen;0;24000;0;17000;0;0;55000;30000;50000;0;11000;0;6000;0;6000;9000;0
24396;05 Agustus 2022;Wonosobo;Harga Produsen;0;24000;0;17000;0;0;55000;35000;50000;0;11000;0;6000;0;6000;9000;0
24654;11 Agustus 2022;Wonosobo;Harga Produsen;0;24000;0;17000;0;0;55000;35000;45000;0;11000;0;6000;0;6000;9000;0
24804;15 Agustus 2022;Wonosobo;Harga Produsen;0;17000;0;17000;0;0;55000;30000;30000;0;11000;0;6000;0;5000;9000;0
24855;16 Agustus 2022;Wonosobo;Harga Produsen;0;17000;0;17000;0;0;55000;30000;30000;0;11000;0;6000;0;5000;9000;0
25052;22 Agustus 2022;Wonosobo;Harga Produsen;0;17000;0;17000;0;0;55000;30000;30000;0;11000;0;5000;0;4000;9000;0
25125;23 Agustus 2022;Wonosobo;Harga Produsen;0;17000;0;17000;0;0;55000;30000;30000;0;11000;0;5000;0;4000;9000;0
25283;26 Agustus 2022;Wonosobo;Harga Produsen;0;17000;0;17000;0;0;45000;25000;25000;0;11000;0;5000;0;4000;9000;0
25332;29 Agustus 2022;Wonosobo;Harga Produsen;0;17000;0;17000;0;0;45000;25000;30000;0;11000;0;5000;0;4000;9000;0
25398;30 Agustus 2022;Wonosobo;Harga Produsen;0;17000;0;17000;0;0;45000;25000;30000;0;11000;0;5000;0;4000;9000;0
25465;31 Agustus 2022;Wonosobo;Harga Produsen;0;17000;0;17000;0;0;45000;25000;30000;0;11000;0;5000;0;4000;9000;0
25493;01 September 2022;Wonosobo;Harga Produsen;0;17000;0;17000;0;0;55000;30000;40000;0;11000;0;5000;0;3000;9000;0
25536;02 September 2022;Wonosobo;Harga Produsen;0;17000;0;17000;0;0;55000;30000;40000;0;11000;0;5000;0;3000;9000;0
25592;05 September 2022;Wonosobo;Harga Produsen;0;17000;0;17000;0;0;60000;30000;40000;0;11000;0;5500;0;3000;9000;0
25717;06 September 2022;Wonosobo;Harga Produsen;0;17000;0;17000;0;0;70000;35000;40000;0;11000;0;5500;0;3000;9000;0
25790;08 September 2022;Wonosobo;Harga Produsen;0;17000;0;17000;0;0;70000;35000;40000;0;11000;0;5500;0;3000;9000;0
25794;07 September 2022;Wonosobo;Harga Produsen;0;17000;0;17000;0;0;70000;35000;40000;0;11000;0;5500;0;3000;9000;0
25836;09 September 2022;Wonosobo;Harga Produsen;0;17000;0;17000;0;0;67000;30000;35000;0;11000;0;5500;0;3000;9000;0
25903;12 September 2022;Wonosobo;Harga Produsen;0;17000;0;17000;0;0;62000;32000;35000;0;11000;0;5500;0;3000;9000;0
25966;13 September 2022;Wonosobo;Harga Produsen;0;17000;0;17000;0;0;62000;32000;35000;0;11000;0;5500;0;3000;9000;0
26035;14 September 2022;Wonosobo;Harga Produsen;0;17000;0;17000;0;0;62000;32000;35000;0;11000;0;5000;0;3000;9000;0
26045;15 September 2022;Wonosobo;Harga Produsen;0;17000;0;17000;0;0;58000;32000;42000;0;11000;0;2000;0;3000;9000;0
26130;16 September 2022;Wonosobo;Harga Produsen;0;17000;0;17000;0;0;52000;32000;40000;0;11000;0;2000;0;2000;9000;0
26227;19 September 2022;Wonosobo;Harga Produsen;0;17000;0;17000;0;0;55000;32000;40000;0;11000;0;2000;0;2000;9000;0
26283;20 September 2022;Wonosobo;Harga Produsen;0;17000;0;17000;0;0;52000;32000;45000;0;11000;0;2000;0;2000;9000;0
26332;21 September 2022;Wonosobo;Harga Produsen;0;17000;0;17000;0;0;57000;32000;45000;0;11000;0;2000;0;2000;9000;0
26374;22 September 2022;Wonosobo;Harga Produsen;0;17000;0;17000;0;0;57000;32000;57000;0;11000;0;2000;0;2000;9000;0
26442;23 September 2022;Wonosobo;Harga Produsen;0;17000;0;17000;0;0;50000;32000;52000;0;11000;0;1000;0;2000;9000;0
26623;26 September 2022;Wonosobo;Harga Produsen;0;17000;0;17000;0;0;40000;25000;35000;0;11000;0;1000;0;2000;9000;0
26624;26 September 2022;Wonosobo;Harga Produsen;0;17000;0;17000;0;0;40000;25000;35000;0;11000;0;1000;0;2000;9000;0
26741;27 September 2022;Wonosobo;Harga Produsen;0;17000;0;17000;0;0;52000;32000;52000;0;11000;0;1000;0;2000;9000;0
26777;28 September 2022;Wonosobo;Harga Produsen;0;17000;0;17000;0;0;52000;32000;52000;0;11000;0;1000;0;2000;9000;0
26845;29 September 2022;Wonosobo;Harga Produsen;0;17000;0;17000;0;0;40000;32000;50000;0;11000;0;1000;0;2000;9000;0
26895;30 September 2022;Wonosobo;Harga Produsen;0;17000;0;17000;0;0;40000;32000;50000;0;11000;0;1000;0;2000;9000;0
26985;03 Oktober 2022;Wonosobo;Harga Produsen;0;17000;0;17000;0;0;42000;32000;45000;0;10000;0;1000;0;2000;9000;0
27039;04 Oktober 2022;Wonosobo;Harga Produsen;0;17000;0;17000;0;0;47000;32000;52000;0;10000;0;1000;0;2000;9000;0
27075;05 Oktober 2022;Wonosobo;Harga Produsen;0;17000;0;17000;0;0;47000;32000;52000;0;10000;0;1000;0;3000;9000;0
27168;06 Oktober 2022;Wonosobo;Harga Produsen;0;17000;0;17000;0;0;47000;32000;52000;0;10000;0;1000;0;3000;9000;0
27215;07 Oktober 2022;Wonosobo;Harga Produsen;0;17000;0;17000;0;0;47000;27000;42000;0;10000;0;1000;0;3000;9000;0
27302;10 Oktober 2022;Wonosobo;Harga Produsen;0;17000;0;17000;0;0;47000;27000;42000;0;10000;0;1000;0;3000;9000;0
27369;11 Oktober 2022;Wonosobo;Harga Produsen;0;17000;0;17000;0;0;42000;16000;35000;0;10000;0;1000;0;3000;7000;0
27404;12 Oktober 2022;Wonosobo;Harga Produsen;0;17000;0;17000;0;0;42000;16000;35000;0;10000;0;1000;0;3000;7000;0
27473;13 Oktober 2022;Wonosobo;Harga Produsen;0;17000;0;17000;0;0;42000;16000;35000;0;10000;0;1200;0;3000;7000;0
27515;14 Oktober 2022;Wonosobo;Harga Produsen;0;17000;0;17000;0;0;42000;16000;35000;0;10000;0;1200;0;3500;7000;0
27629;17 Oktober 2022;Wonosobo;Harga Produsen;0;17000;0;17000;0;0;32000;18000;37000;0;10000;0;1500;0;4000;7000;0
27666;18 Oktober 2022;Wonosobo;Harga Produsen;0;17000;0;17000;0;0;27000;17000;32000;0;10000;0;1500;0;4000;7000;0
27715;19 Oktober 2022;Wonosobo;Harga Produsen;0;17000;0;17000;0;0;27000;17000;32000;0;10000;0;1500;0;4000;7000;0
27768;20 Oktober 2022;Wonosobo;Harga Produsen;0;16000;0;17000;0;0;27000;16000;32000;0;10000;0;1500;0;4000;6500;0
27839;21 Oktober 2022;Wonosobo;Harga Produsen;0;16000;0;17000;0;0;27000;16000;32000;0;10000;0;1500;0;4000;6500;0
27910;24 Oktober 2022;Wonosobo;Harga Produsen;0;16000;0;17000;0;0;27000;16000;32000;0;10000;0;1500;0;4000;5000;0
27994;25 Oktober 2022;Wonosobo;Harga Produsen;0;16000;0;17000;0;0;32000;18000;32000;0;10000;0;2000;0;4000;5000;0
28067;26 Oktober 2022;Wonosobo;Harga Produsen;0;16000;0;17000;0;0;32000;18000;32000;0;10000;0;2000;0;4500;5000;0
28113;27 Oktober 2022;Wonosobo;Harga Produsen;0;16000;0;17000;0;0;32000;18000;32000;0;10000;0;2000;0;4500;5000;0
28189;28 Oktober 2022;Wonosobo;Harga Produsen;0;16000;0;17000;0;0;32000;16000;32000;0;10000;0;2500;0;5000;5000;0
28458;03 November 2022;Wonosobo;Harga Produsen;0;17000;0;17000;0;0;32000;16000;32000;0;10000;0;2000;0;5000;5000;0
28612;07 November 2022;Wonosobo;Harga Produsen;0;17000;0;17000;0;0;25000;16000;32000;0;10000;0;2000;0;6000;5000;0
28616;31 Oktober 2022;Wonosobo;Harga Produsen;0;16000;0;17000;0;0;32000;16000;32000;0;10000;0;2500;0;5000;5000;0
28618;01 November 2022;Wonosobo;Harga Produsen;0;16000;0;17000;0;0;32000;16000;32000;0;10000;0;2500;0;5000;5000;0
28632;02 November 2022;Wonosobo;Harga Produsen;0;17000;0;17000;0;0;32000;16000;32000;0;10000;0;2000;0;5000;5000;0
28655;08 November 2022;Wonosobo;Harga Produsen;0;17000;0;17000;0;0;25000;16000;32000;0;10000;0;2000;0;6000;5000;0
28685;09 November 2022;Wonosobo;Harga Produsen;0;17000;0;17000;0;0;25000;16000;32000;0;10000;0;2000;0;6000;5000;0
28748;10 November 2022;Wonosobo;Harga Produsen;0;17000;0;17000;0;0;20000;14000;27000;0;10000;0;2500;0;6000;5000;0
28795;11 November 2022;Wonosobo;Harga Produsen;0;17000;0;17000;0;0;20000;14000;27000;0;10000;0;2500;0;6000;5000;0
28871;14 November 2022;Wonosobo;Harga Produsen;0;17000;0;17000;0;0;16000;14000;21000;0;10000;0;2500;0;11000;6000;0
28945;15 November 2022;Wonosobo;Harga Produsen;0;17000;0;17000;0;0;16000;14000;21000;0;10000;0;2500;0;11000;6000;0
28994;16 November 2022;Wonosobo;Harga Produsen;0;17000;0;17000;0;0;18000;14000;21000;0;10000;0;2500;0;11000;6000;0
29051;17 November 2022;Wonosobo;Harga Produsen;0;17000;0;17000;0;0;18000;14000;21000;0;10000;0;2500;0;11000;6000;0
29070;18 November 2022;Wonosobo;Harga Produsen;0;17000;0;17000;0;0;18000;14000;21000;0;10000;0;2500;0;11000;6000;0
29182;21 November 2022;Wonosobo;Harga Produsen;0;17000;0;17000;0;0;16000;14000;22000;0;10000;0;2500;0;11000;6000;0
29232;22 November 2022;Wonosobo;Harga Produsen;0;17000;0;17000;0;0;16000;14000;22000;0;10000;0;2500;0;11000;6000;0
29316;24 November 2022;Wonosobo;Harga Produsen;0;17000;0;17000;0;0;16000;14000;22000;0;10000;0;2500;0;11000;6000;0
29320;23 November 2022;Wonosobo;Harga Produsen;0;17000;0;17000;0;0;16000;14000;22000;0;10000;0;2500;0;11000;6000;0
29376;25 November 2022;Wonosobo;Harga Produsen;0;17000;0;17000;0;0;16000;14000;22000;0;10000;0;2500;0;11000;20000;0
29549;28 November 2022;Wonosobo;Harga Produsen;0;17000;0;17000;0;0;18000;17000;21000;0;10000;0;4000;0;11000;6500;0
29580;29 November 2022;Wonosobo;Harga Produsen;0;17000;0;17000;0;0;18000;17000;21000;0;10000;0;4000;0;11000;6500;0
29725;02 Desember 2022;Wonosobo;Harga Produsen;0;17000;0;17000;0;0;18000;17000;21000;0;10000;0;4000;0;11000;6500;0
29809;05 Desember 2022;Wonosobo;Harga Produsen;0;17000;0;17000;0;0;25000;21000;30000;0;10000;0;5000;0;11000;6500;0
29841;06 Desember 2022;Wonosobo;Harga Produsen;0;17000;0;17000;0;0;25000;21000;30000;0;10000;0;5000;0;11000;6500;0
29926;07 Desember 2022;Wonosobo;Harga Produsen;0;17000;0;17000;0;0;25000;21000;30000;0;10000;0;8000;0;11000;6500;0
30022;08 Desember 2022;Wonosobo;Harga Produsen;0;17000;0;17000;0;0;25000;21000;30000;0;10000;0;5000;0;11000;6500;0
30046;09 Desember 2022;Wonosobo;Harga Produsen;0;17000;0;17000;0;0;25000;21000;30000;0;10000;0;5000;0;11000;6500;0
30152;13 Desember 2022;Wonosobo;Harga Produsen;0;17000;0;17000;0;0;25000;21000;31000;0;10000;0;5000;0;11000;6500;0
30154;12 Desember 2022;Wonosobo;Harga Produsen;0;17000;0;17000;0;0;25000;21000;31000;0;10000;0;5000;0;11000;6500;0
30207;14 Desember 2022;Wonosobo;Harga Produsen;0;17000;0;17000;0;0;25000;21000;31000;0;10000;0;5000;0;11000;6500;0
30211;01 Desember 2022;Wonosobo;Harga Produsen;0;17000;0;17000;0;0;18000;17000;21000;0;10000;0;4000;0;11000;6500;0
30296;15 Desember 2022;Wonosobo;Harga Produsen;0;17000;0;17000;0;0;25000;21000;31000;0;10000;0;5000;0;11000;6500;0
30324;16 Desember 2022;Wonosobo;Harga Produsen;0;17000;0;17000;0;0;25000;21000;31000;0;10000;0;5000;0;11000;6500;0
30398;19 Desember 2022;Wonosobo;Harga Produsen;0;17000;0;17000;0;0;22000;21000;31000;0;10000;0;5000;0;11000;6500;0
30469;20 Desember 2022;Wonosobo;Harga Produsen;0;17000;0;17000;0;0;22000;21000;31000;0;10000;0;5000;0;11000;6500;0
30506;21 Desember 2022;Wonosobo;Harga Produsen;0;17000;0;17000;0;0;26000;31000;31000;0;10000;0;5500;0;11000;6500;0
30569;22 Desember 2022;Wonosobo;Harga Produsen;0;17000;0;17000;0;0;26000;31000;31000;0;10000;0;5500;0;11000;6500;0
30583;23 Desember 2022;Wonosobo;Harga Produsen;0;17000;0;17000;0;0;26000;31000;31000;0;12000;0;5500;0;11000;6500;0
30750;27 Desember 2022;Wonosobo;Harga Produsen;0;17000;0;17000;0;0;26000;36000;37000;0;12000;0;5500;0;11000;6500;0
30753;26 Desember 2022;Wonosobo;Harga Produsen;0;17000;0;17000;0;0;26000;36000;37000;0;12000;0;5500;0;11000;6500;0
30807;28 Desember 2022;Wonosobo;Harga Produsen;0;17000;0;17000;0;0;26000;36000;37000;0;12000;0;5500;0;11000;6500;0
30878;29 Desember 2022;Wonosobo;Harga Produsen;0;17000;0;17000;0;0;26000;36000;37000;0;12000;0;5500;0;11000;6500;0
30932;30 Desember 2022;Wonosobo;Harga Produsen;0;17000;0;17000;0;0;26000;36000;37000;0;12000;0;5500;0;11000;6500;0
30998;02 Januari 2023;Wonosobo;Harga Produsen;0;18000;0;17000;0;0;28000;31000;42000;0;12000;0;5000;0;7000;4000;0
31000;01 Januari 2023;Wonosobo;Harga Produsen;0;18000;0;17000;0;0;28000;31000;42000;0;12000;0;5000;0;7000;4000;0
31050;03 Januari 2023;Wonosobo;Harga Produsen;0;18000;0;17000;0;0;28000;36000;45000;0;12000;0;5000;0;7000;4000;0
31068;04 Januari 2023;Wonosobo;Harga Produsen;0;18000;0;17000;0;0;32000;36000;45000;0;12000;0;5000;0;6000;4000;0
31135;05 Januari 2023;Wonosobo;Harga Produsen;0;18000;0;17000;0;0;32000;36000;45000;0;12000;0;5000;0;6000;4000;0
31178;06 Januari 2023;Wonosobo;Harga Produsen;0;18000;0;17000;0;0;32000;51000;60000;0;12000;0;7000;0;6000;4000;0
31277;09 Januari 2023;Wonosobo;Harga Produsen;0;24000;0;17000;0;0;27000;51000;60000;0;12000;0;7000;0;6000;4000;0
31302;10 Januari 2023;Wonosobo;Harga Produsen;0;24000;0;17000;0;0;27000;51000;60000;0;12000;0;7000;0;6000;4000;0
31303;08 Januari 2023;Wonosobo;Harga Produsen;0;18000;0;17000;0;0;32000;51000;60000;0;12000;0;7000;0;6000;4000;0
31304;07 Januari 2023;Wonosobo;Harga Produsen;0;18000;0;17000;0;0;32000;51000;60000;0;12000;0;7000;0;6000;4000;0
31365;11 Januari 2023;Wonosobo;Harga Produsen;0;24000;0;17000;0;0;27000;47000;51000;0;12000;0;7000;0;6000;3500;0
31403;12 Januari 2023;Wonosobo;Harga Produsen;0;24000;0;16000;0;0;27000;47000;51000;0;12000;0;7000;0;6000;3500;0
31451;13 Januari 2023;Wonosobo;Harga Produsen;0;24000;0;16000;0;0;27000;47000;51000;0;12000;0;6000;0;6000;3500;0
31552;16 Januari 2023;Wonosobo;Harga Produsen;0;24000;0;16000;0;0;27000;36000;36000;0;12000;0;6000;0;6000;3500;0
31556;14 Januari 2023;Wonosobo;Harga Produsen;0;24000;0;16000;0;0;27000;47000;51000;0;12000;0;6000;0;6000;3500;0
31557;15 Januari 2023;Wonosobo;Harga Produsen;0;24000;0;16000;0;0;27000;47000;51000;0;12000;0;6000;0;6000;3500;0
31622;17 Januari 2023;Wonosobo;Harga Produsen;0;24000;0;16000;0;0;27000;26000;27000;0;12000;0;6000;0;6500;3500;0
31662;18 Januari 2023;Wonosobo;Harga Produsen;0;24000;0;16000;0;0;27000;26000;27000;0;12000;0;6000;0;6500;3500;0
31726;19 Januari 2023;Wonosobo;Harga Produsen;0;24000;0;16000;0;0;27000;26000;35000;0;14000;0;6000;0;4500;3500;0
31765;20 Januari 2023;Wonosobo;Harga Produsen;0;24000;0;16000;0;0;27000;26000;35000;0;14000;0;6000;0;4500;3500;0
31860;24 Januari 2023;Wonosobo;Harga Produsen;0;24000;0;16000;0;0;27000;31000;42000;0;14000;0;6000;0;4500;3500;0
31864;21 Januari 2023;Wonosobo;Harga Produsen;0;24000;0;16000;0;0;27000;26000;35000;0;14000;0;6000;0;4500;3500;0
31869;22 Januari 2023;Wonosobo;Harga Produsen;0;24000;0;16000;0;0;27000;26000;35000;0;14000;0;6000;0;4500;3500;0
31874;23 Januari 2023;Wonosobo;Harga Produsen;0;24000;0;16000;0;0;27000;31000;42000;0;14000;0;6000;0;4500;3500;0
31928;25 Januari 2023;Wonosobo;Harga Produsen;0;24000;0;16000;0;0;27000;31000;42000;0;14000;0;6000;0;4500;3500;0
32153;26 Januari 2023;Wonosobo;Harga Produsen;0;24000;0;16000;0;0;27000;31000;42000;0;14000;0;6000;0;4500;3500;0
32155;27 Januari 2023;Wonosobo;Harga Produsen;0;24000;0;16000;0;0;27000;31000;42000;0;14000;0;6000;0;4500;3500;0
32158;28 Januari 2023;Wonosobo;Harga Produsen;0;24000;0;16000;0;0;27000;31000;42000;0;14000;0;6000;0;4500;3500;0
32164;29 Januari 2023;Wonosobo;Harga Produsen;0;24000;0;16000;0;0;27000;31000;42000;0;14000;0;6000;0;4500;3500;0
32174;30 Januari 2023;Wonosobo;Harga Produsen;0;24000;0;16000;0;0;27000;31000;42000;0;14000;0;6000;0;4500;3500;0
32177;30 Januari 2023;Wonosobo;Harga Produsen;0;26000;0;16000;0;0;27000;31000;46000;0;14000;0;6000;0;4000;4000;0
32179;31 Januari 2023;Wonosobo;Harga Produsen;0;26000;0;16000;0;0;27000;31000;46000;0;14000;0;6000;0;4000;4000;0
32241;01 Februari 2023;Wonosobo;Harga Produsen;0;26000;0;16000;0;0;27000;31000;46000;0;14000;0;6000;0;3000;4000;0
32312;02 Februari 2023;Wonosobo;Harga Produsen;0;26000;0;16000;0;0;27000;31000;46000;0;14000;0;6000;0;3000;4000;0
32353;03 Februari 2023;Wonosobo;Harga Produsen;0;26000;0;16000;0;0;27000;31000;46000;0;14000;0;6000;0;3000;4000;0
32437;04 Februari 2023;Wonosobo;Harga Produsen;0;26000;0;16000;0;0;27000;31000;46000;0;14000;0;6000;0;3000;4000;0
32445;05 Februari 2023;Wonosobo;Harga Produsen;0;26000;0;16000;0;0;27000;31000;46000;0;14000;0;6000;0;3000;4000;0
32449;06 Februari 2023;Wonosobo;Harga Produsen;0;26000;0;16000;0;0;27000;31000;46000;0;14000;0;5000;0;3000;4000;0
32523;07 Februari 2023;Wonosobo;Harga Produsen;0;26000;0;16000;0;0;40000;31000;36000;0;14000;0;5000;0;3000;4000;0
32609;08 Februari 2023;Wonosobo;Harga Produsen;0;26000;0;16000;0;0;40000;31000;36000;0;14000;0;5000;0;3000;4000;0
32671;09 Februari 2023;Wonosobo;Harga Produsen;0;26000;0;16000;0;0;40000;31000;36000;0;14000;0;5000;0;3000;4000;0
32811;10 Februari 2023;Wonosobo;Harga Produsen;0;26000;0;16000;0;0;40000;31000;36000;0;14000;0;5000;0;3000;4000;0
32816;11 Februari 2023;Wonosobo;Harga Produsen;0;26000;0;16000;0;0;40000;31000;36000;0;14000;0;5000;0;3000;4000;0
32818;12 Februari 2023;Wonosobo;Harga Produsen;0;26000;0;16000;0;0;40000;31000;36000;0;14000;0;5000;0;3000;4000;0
32820;13 Februari 2023;Wonosobo;Harga Produsen;0;26000;0;16000;0;0;36000;36000;39000;0;14000;0;5000;0;2000;4000;0
32822;13 Februari 2023;Wonosobo;Harga Produsen;0;26000;0;16000;0;0;36000;36000;39000;0;14000;0;5000;0;2000;4000;0
32947;14 Februari 2023;Wonosobo;Harga Produsen;0;26000;0;16000;0;0;36000;36000;39000;0;14000;0;5000;0;2000;4000;0
32990;15 Februari 2023;Wonosobo;Harga Produsen;0;26000;0;16000;0;0;31000;36000;51000;0;14000;0;5000;0;2000;4000;0
33032;15 Februari 2023;Wonosobo;Harga Produsen;0;26000;0;16000;0;0;31000;36000;51000;0;14000;0;5000;0;2000;4000;0
33036;16 Februari 2023;Wonosobo;Harga Produsen;0;24000;0;14000;0;0;40000;36000;51000;0;14000;0;5000;0;2000;4000;0
33097;17 Februari 2023;Wonosobo;Harga Produsen;0;24000;0;14000;0;0;40000;41000;51000;0;14000;0;5000;0;2000;4000;0
33247;18 Februari 2023;Wonosobo;Harga Produsen;0;24000;0;14000;0;0;40000;41000;51000;0;14000;0;5000;0;2000;4000;0
33250;19 Februari 2023;Wonosobo;Harga Produsen;0;24000;0;14000;0;0;40000;41000;51000;0;14000;0;5000;0;2000;4000;0
33252;20 Februari 2023;Wonosobo;Harga Produsen;0;24000;0;14000;0;0;46000;41000;51000;0;14000;0;5000;0;2000;4000;0
33350;21 Februari 2023;Wonosobo;Harga Produsen;0;24000;0;14000;0;0;46000;41000;51000;0;14000;0;5000;0;2000;4000;0
33352;22 Februari 2023;Wonosobo;Harga Produsen;0;24000;0;14000;0;0;51000;41000;56000;0;14000;0;5000;0;2000;4000;0
33394;23 Februari 2023;Wonosobo;Harga Produsen;0;24000;0;14000;0;0;51000;41000;56000;0;14000;0;5000;0;2000;4000;0
33579;27 Februari 2023;Wonosobo;Harga Produsen;0;24000;0;15000;0;0;47000;36000;51000;0;14000;0;3500;0;2000;4000;0
33659;24 Februari 2023;Wonosobo;Harga Produsen;0;24000;0;15000;0;0;51000;41000;56000;0;14000;0;4000;0;2000;4000;0
33661;25 Februari 2023;Wonosobo;Harga Produsen;0;24000;0;15000;0;0;51000;41000;56000;0;14000;0;4000;0;2000;4000;0
33664;26 Februari 2023;Wonosobo;Harga Produsen;0;24000;0;15000;0;0;51000;41000;56000;0;14000;0;4000;0;2000;4000;0
33667;28 Februari 2023;Wonosobo;Harga Produsen;0;24000;0;15000;0;0;47000;36000;51000;0;14000;0;3500;0;2000;4000;0
33713;01 Maret 2023;Wonosobo;Harga Produsen;0;24000;0;15000;0;0;42000;36000;51000;0;14000;0;3500;0;2000;4000;0
33779;02 Maret 2023;Wonosobo;Harga Produsen;0;24000;0;15000;0;0;42000;36000;51000;0;14000;0;3500;0;2000;4000;0
33812;03 Maret 2023;Wonosobo;Harga Produsen;0;24000;0;15000;0;0;42000;36000;51000;0;14000;0;3500;0;2000;4000;0
33864;04 Maret 2023;Wonosobo;Harga Produsen;0;24000;0;15000;0;0;42000;36000;51000;0;14000;0;3500;0;2000;4000;0
33866;05 Maret 2023;Wonosobo;Harga Produsen;0;24000;0;15000;0;0;42000;36000;51000;0;14000;0;3500;0;2000;4000;0
33870;06 Maret 2023;Wonosobo;Harga Produsen;0;24000;0;17000;0;0;36000;32000;56000;0;14000;0;3500;0;2000;4000;0
33960;07 Maret 2023;Wonosobo;Harga Produsen;0;24000;0;17000;0;0;36000;32000;56000;0;14000;0;3500;0;2000;4000;0
34025;08 Maret 2023;Wonosobo;Harga Produsen;0;24000;0;17000;0;0;36000;32000;56000;0;14000;0;3500;0;2000;4000;0
34087;09 Maret 2023;Wonosobo;Harga Produsen;0;26000;0;17000;0;0;36000;32000;56000;0;14000;0;3500;0;5000;4000;0
34116;10 Maret 2023;Wonosobo;Harga Produsen;0;26000;0;17000;0;0;36000;32000;56000;0;14000;0;3500;0;5000;4000;0
34413;11 Maret 2023;Wonosobo;Harga Produsen;0;26000;0;17000;0;0;36000;32000;56000;0;14000;0;3500;0;5000;4000;0
34420;12 Maret 2023;Wonosobo;Harga Produsen;0;26000;0;17000;0;0;36000;32000;56000;0;14000;0;3500;0;5000;4000;0
34426;13 Maret 2023;Wonosobo;Harga Produsen;0;26000;0;17000;0;0;36000;34000;57000;0;14000;0;3500;0;5000;4000;0
34430;14 Maret 2023;Wonosobo;Harga Produsen;0;26000;0;17000;0;0;36000;34000;57000;0;14000;0;3500;0;5000;4000;0
34437;15 Maret 2023;Wonosobo;Harga Produsen;0;26000;0;17000;0;0;36000;34000;57000;0;14000;0;3500;0;5000;4000;0
34443;16 Maret 2023;Wonosobo;Harga Produsen;0;26000;0;17000;0;0;36000;34000;57000;0;14000;0;3500;0;5000;4000;0
34574;17 Maret 2023;Wonosobo;Harga Produsen;0;26000;0;17000;0;0;36000;34000;57000;0;14000;0;3500;0;5000;4000;0
34583;20 Maret 2023;Wonosobo;Harga Produsen;0;24000;0;16000;0;0;36000;42000;62000;0;14000;0;3500;0;4000;4000;0
34594;18 Maret 2023;Wonosobo;Harga Produsen;0;24000;0;16000;0;0;36000;36000;60000;0;14000;0;3500;0;4000;4000;0
34596;19 Maret 2023;Wonosobo;Harga Produsen;0;24000;0;16000;0;0;36000;36000;60000;0;14000;0;3500;0;4000;4000;0
34673;21 Maret 2023;Wonosobo;Harga Produsen;0;24000;0;16000;0;0;36000;36000;62000;0;14000;0;3500;0;4000;4000;0
34819;24 Maret 2023;Wonosobo;Harga Produsen;0;24000;0;16000;0;0;35000;35000;60000;0;14000;0;3500;0;4000;4000;0
34821;23 Maret 2023;Wonosobo;Harga Produsen;0;24000;0;16000;0;0;35000;35000;60000;0;14000;0;3500;0;4000;4000;0
34823;22 Maret 2023;Wonosobo;Harga Produsen;0;24000;0;16000;0;0;36000;36000;62000;0;14000;0;3500;0;4000;4000;0
34949;27 Maret 2023;Wonosobo;Harga Produsen;0;24000;0;16000;0;0;32000;32000;57000;0;14000;0;3500;0;4000;4000;0
34951;25 Maret 2023;Wonosobo;Harga Produsen;0;24000;0;16000;0;0;35000;35000;60000;0;14000;0;3500;0;4000;4000;0
34961;26 Maret 2023;Wonosobo;Harga Produsen;0;24000;0;16000;0;0;35000;35000;60000;0;14000;0;3500;0;4000;4000;0
35035;28 Maret 2023;Wonosobo;Harga Produsen;0;17000;0;18000;0;0;21000;31000;40000;0;14000;0;3500;0;4000;4000;0
35094;29 Maret 2023;Wonosobo;Harga Produsen;0;17000;0;18000;0;0;21000;26000;25000;0;14000;0;3500;0;7000;4000;0
35146;30 Maret 2023;Wonosobo;Harga Produsen;0;17000;0;18000;0;0;21000;26000;25000;0;14000;0;3500;0;7000;4000;0
35182;31 Maret 2023;Wonosobo;Harga Produsen;0;16000;0;18000;0;0;26000;26000;35000;0;14000;0;3500;0;7000;4000;0
35351;04 April 2023;Wonosobo;Harga Produsen;0;16000;0;18000;0;0;28000;26000;35000;0;14000;0;3500;0;6000;4000;0
35353;03 April 2023;Wonosobo;Harga Produsen;0;16000;0;18000;0;0;28000;26000;35000;0;14000;0;3500;0;6000;4000;0
35357;01 April 2023;Wonosobo;Harga Produsen;0;16000;0;18000;0;0;26000;26000;35000;0;14000;0;3500;0;7000;4000;0
35359;02 April 2023;Wonosobo;Harga Produsen;0;16000;0;18000;0;0;26000;26000;35000;0;14000;0;3500;0;7000;4000;0
35430;05 April 2023;Wonosobo;Harga Produsen;0;16000;0;18000;0;0;28000;26000;35000;0;14000;0;3500;0;6000;4000;0
35575;10 April 2023;Wonosobo;Harga Produsen;0;16000;0;18000;0;0;22000;20000;20000;0;14000;0;3000;0;6000;4000;0
35577;09 April 2023;Wonosobo;Harga Produsen;0;16000;0;18000;0;0;22000;20000;20000;0;14000;0;3000;0;6000;4000;0
35597;06 April 2023;Wonosobo;Harga Produsen;0;16000;0;18000;0;0;28000;26000;35000;0;14000;0;3500;0;6000;4000;0
35604;07 April 2023;Wonosobo;Harga Produsen;0;16000;0;18000;0;0;28000;26000;35000;0;14000;0;3500;0;6000;4000;0
35608;08 April 2023;Wonosobo;Harga Produsen;0;16000;0;18000;0;0;28000;26000;35000;0;14000;0;3500;0;6000;4000;0
35610;09 April 2023;Wonosobo;Harga Produsen;0;16000;0;18000;0;0;22000;20000;20000;0;14000;0;3000;0;6000;4000;0
35673;11 April 2023;Wonosobo;Harga Produsen;0;16000;0;18000;0;0;22000;20000;20000;0;14000;0;3000;0;6000;4000;0
35730;12 April 2023;Wonosobo;Harga Produsen;0;16000;0;18000;0;0;22000;16000;17000;0;14000;0;3000;0;6000;4000;0
35779;13 April 2023;Wonosobo;Harga Produsen;0;16000;0;18000;0;0;22000;16000;17000;0;14000;0;3000;0;6000;4000;0
35825;14 April 2023;Wonosobo;Harga Produsen;0;16000;0;20000;0;0;20000;16000;20000;0;14000;0;3000;0;6000;4000;0
35882;16 April 2023;Wonosobo;Harga Produsen;0;16000;0;20000;0;0;20000;16000;20000;0;14000;0;3000;0;6000;4000;0
35885;15 April 2023;Wonosobo;Harga Produsen;0;16000;0;20000;0;0;20000;16000;20000;0;14000;0;3000;0;6000;4000;0
35897;17 April 2023;Wonosobo;Harga Produsen;0;16000;0;20000;0;0;20000;15000;20000;0;14000;0;2500;0;8000;4000;0
36006;18 April 2023;Wonosobo;Harga Produsen;0;16000;0;20000;0;0;30000;20000;30000;0;14000;0;3000;0;8000;4000;0
36294;20 April 2023;Wonosobo;Harga Produsen;0;16000;0;20000;0;0;30000;20000;30000;0;14000;0;3000;0;8000;4000;0
36295;19 April 2023;Wonosobo;Harga Produsen;0;16000;0;20000;0;0;30000;20000;30000;0;14000;0;3000;0;8000;4000;0
36298;21 April 2023;Wonosobo;Harga Produsen;0;16000;0;20000;0;0;35000;30000;35000;0;14000;0;5000;0;16000;5000;0
36302;22 April 2023;Wonosobo;Harga Produsen;0;16000;0;20000;0;0;35000;30000;35000;0;14000;0;5000;0;16000;5000;0
36306;23 April 2023;Wonosobo;Harga Produsen;0;16000;0;20000;0;0;35000;30000;35000;0;14000;0;5000;0;16000;5000;0
36309;24 April 2023;Wonosobo;Harga Produsen;0;16000;0;20000;0;0;35000;30000;35000;0;14000;0;5000;0;16000;5000;0
36313;25 April 2023;Wonosobo;Harga Produsen;0;16000;0;20000;0;0;35000;30000;36000;0;14000;0;4000;0;16000;4000;0
36315;26 April 2023;Wonosobo;Harga Produsen;0;16000;0;20000;0;0;25000;30000;25000;0;14000;0;4000;0;12000;4000;0
36317;27 April 2023;Wonosobo;Harga Produsen;0;16000;0;20000;0;0;25000;30000;25000;0;14000;0;4000;0;12000;4000;0
36369;28 April 2023;Wonosobo;Harga Produsen;0;16000;0;20000;0;0;25000;30000;25000;0;14000;0;4000;0;12000;4000;0
36435;29 April 2023;Wonosobo;Harga Produsen;0;20000;0;20000;0;0;16000;20000;16000;0;14000;0;4000;0;12000;4000;0
36442;30 April 2023;Wonosobo;Harga Produsen;0;20000;0;20000;0;0;16000;20000;16000;0;14000;0;4000;0;12000;4000;0
36453;01 Mei 2023;Wonosobo;Harga Produsen;0;20000;0;20000;0;0;16000;20000;16000;0;14000;0;4000;0;12000;4000;0
36457;02 Mei 2023;Wonosobo;Harga Produsen;0;20000;0;20000;0;0;16000;20000;16000;0;14000;0;4000;0;12000;4000;0
36580;04 Mei 2023;Wonosobo;Harga Produsen;0;20000;0;18000;0;0;16000;20000;16000;0;14000;0;4000;0;10000;4000;0
36582;03 Mei 2023;Wonosobo;Harga Produsen;0;20000;0;20000;0;0;16000;20000;16000;0;14000;0;4000;0;10000;4000;0
36630;05 Mei 2023;Wonosobo;Harga Produsen;0;20000;0;18000;0;0;14000;20000;16000;0;14000;0;4000;0;10000;4000;0
36769;06 Mei 2023;Wonosobo;Harga Produsen;0;20000;0;18000;0;0;14000;20000;16000;0;14000;0;4000;0;10000;4000;0
36774;07 Mei 2023;Wonosobo;Harga Produsen;0;20000;0;18000;0;0;14000;20000;16000;0;14000;0;4000;0;10000;4000;0
36777;08 Mei 2023;Wonosobo;Harga Produsen;0;20000;0;20000;0;0;16000;26000;21000;0;14000;0;4000;0;10000;4000;0
36872;09 Mei 2023;Wonosobo;Harga Produsen;0;20000;0;20000;0;0;16000;26000;21000;0;14000;0;4000;0;10000;4000;0
36913;10 Mei 2023;Wonosobo;Harga Produsen;0;20000;0;20000;0;0;16000;26000;21000;0;14000;0;4000;0;10000;4000;0
36952;11 Mei 2023;Wonosobo;Harga Produsen;0;20000;0;20000;0;0;16000;26000;24000;0;14000;0;4000;0;10000;4000;0
37033;12 Mei 2023;Wonosobo;Harga Produsen;0;20000;0;20000;0;0;16000;26000;24000;0;14000;0;4000;0;10000;4000;0
37103;13 Mei 2023;Wonosobo;Harga Produsen;0;20000;0;20000;0;0;16000;26000;24000;0;14000;0;4000;0;10000;4000;0
37106;14 Mei 2023;Wonosobo;Harga Produsen;0;20000;0;20000;0;0;16000;26000;24000;0;14000;0;4000;0;10000;4000;0
37109;15 Mei 2023;Wonosobo;Harga Produsen;0;20000;0;20000;0;0;16000;26000;24000;0;14000;0;4000;0;8000;4000;0
37197;16 Mei 2023;Wonosobo;Harga Produsen;0;20000;0;20000;0;0;16000;26000;24000;0;14000;0;4000;0;8000;4000;0
37235;17 Mei 2023;Wonosobo;Harga Produsen;0;20000;0;22000;0;0;16000;26000;21000;0;14000;0;4000;0;7500;4000;0
37294;19 Mei 2023;Wonosobo;Harga Produsen;0;20000;0;22000;0;0;16000;26000;21000;0;14000;0;4000;0;7500;4000;0
37357;18 Mei 2023;Wonosobo;Harga Produsen;0;20000;0;22000;0;0;16000;26000;21000;0;14000;0;4000;0;7500;4000;0
37365;20 Mei 2023;Wonosobo;Harga Produsen;0;20000;0;22000;0;0;16000;26000;21000;0;14000;0;4000;0;7000;4000;0
37369;21 Mei 2023;Wonosobo;Harga Produsen;0;20000;0;22000;0;0;16000;26000;21000;0;14000;0;4000;0;7000;4000;0
37372;22 Mei 2023;Wonosobo;Harga Produsen;0;20000;0;22000;0;0;16000;29000;31000;0;14000;0;4000;0;7000;4000;0
37586;23 Mei 2023;Wonosobo;Harga Produsen;0;20000;0;22000;0;0;16000;31000;34000;0;14000;0;4000;0;6000;4000;0
37642;24 Mei 2023;Wonosobo;Harga Produsen;0;20000;0;22000;0;0;16000;30000;32000;0;14000;0;5000;0;6000;4000;0
37679;25 Mei 2023;Wonosobo;Harga Produsen;0;20000;0;22000;0;0;16000;30000;32000;0;14000;0;5000;0;5500;4000;0
37742;26 Mei 2023;Wonosobo;Harga Produsen;0;20000;0;22000;0;0;16000;30000;32000;0;14000;0;5000;0;5500;4000;0
37897;27 Mei 2023;Wonosobo;Harga Produsen;0;20000;0;22000;0;0;16000;30000;32000;0;14000;0;5000;0;5500;4000;0
37901;28 Mei 2023;Wonosobo;Harga Produsen;0;20000;0;22000;0;0;16000;30000;32000;0;14000;0;5000;0;5500;4000;0
37903;29 Mei 2023;Wonosobo;Harga Produsen;0;19000;0;22000;0;0;16000;22000;26000;0;14000;0;6000;0;4500;4000;0
38085;05 Juni 2023;Wonosobo;Harga Produsen;0;19000;0;22000;0;0;16000;23000;32000;0;14000;0;6000;0;6000;4000;0
38089;30 Mei 2023;Wonosobo;Harga Produsen;0;19000;0;22000;0;0;16000;22000;26000;0;14000;0;6000;0;4500;4000;0
38100;31 Mei 2023;Wonosobo;Harga Produsen;0;19000;0;22000;0;0;16000;22000;26000;0;14000;0;6000;0;4500;4000;0
38104;01 Juni 2023;Wonosobo;Harga Produsen;0;19000;0;22000;0;0;16000;22000;26000;0;14000;0;6000;0;4500;4000;0
38108;02 Juni 2023;Wonosobo;Harga Produsen;0;19000;0;22000;0;0;16000;22000;26000;0;14000;0;6000;0;4500;4000;0
38111;03 Juni 2023;Wonosobo;Harga Produsen;0;19000;0;22000;0;0;16000;22000;26000;0;14000;0;6000;0;4500;4000;0
38113;04 Juni 2023;Wonosobo;Harga Produsen;0;19000;0;22000;0;0;16000;22000;26000;0;14000;0;6000;0;4500;4000;0
38175;06 Juni 2023;Wonosobo;Harga Produsen;0;19000;0;22000;0;0;16000;23000;32000;0;14000;0;6000;0;6000;4000;0
38235;07 Juni 2023;Wonosobo;Harga Produsen;0;19000;0;22000;0;0;16000;23000;32000;0;14000;0;6000;0;6000;4000;0
38302;08 Juni 2023;Wonosobo;Harga Produsen;0;19000;0;22000;0;0;16000;23000;32000;0;13000;0;6000;0;6000;4000;0
38339;09 Juni 2023;Wonosobo;Harga Produsen;0;19000;0;22000;0;0;16000;23000;32000;0;13000;0;6000;0;7000;4000;0
38406;10 Juni 2023;Wonosobo;Harga Produsen;0;19000;0;22000;0;0;16000;23000;32000;0;13000;0;6000;0;7000;4000;0
38410;11 Juni 2023;Wonosobo;Harga Produsen;0;19000;0;22000;0;0;16000;23000;32000;0;13000;0;6000;0;7000;4000;0
38413;12 Juni 2023;Wonosobo;Harga Produsen;0;19000;0;22000;0;0;16000;23000;32000;0;12000;0;6000;0;6000;4000;0
38516;13 Juni 2023;Wonosobo;Harga Produsen;0;19667;0;22000;0;0;18500;23000;30000;0;11000;0;3375;0;5000;4000;0
38649;14 Juni 2023;Wonosobo;Harga Produsen;0;19667;0;22000;0;0;17000;23000;30000;0;11000;0;3375;0;5000;4000;0
38764;16 Juni 2023;Wonosobo;Harga Produsen;0;20000;0;22000;0;0;16000;23000;30000;0;11000;0;3500;0;5000;4000;0
38839;15 Juni 2023;Wonosobo;Harga Produsen;0;19667;0;22000;0;0;17000;23000;30000;0;11000;0;3375;0;5000;4000;0
38843;17 Juni 2023;Wonosobo;Harga Produsen;0;20000;0;22000;0;0;16000;23000;30000;0;11000;0;3500;0;5000;4000;0
38846;18 Juni 2023;Wonosobo;Harga Produsen;0;20000;0;22000;0;0;16000;23000;30000;0;11000;0;3500;0;5000;4000;0
38848;19 Juni 2023;Wonosobo;Harga Produsen;0;20000;0;22000;0;0;14000;16000;26000;0;11000;0;3500;0;4000;4000;0
38910;20 Juni 2023;Wonosobo;Harga Produsen;0;20000;0;22000;0;0;14000;16000;26000;0;11000;0;3500;0;4000;4000;0
38933;21 Juni 2023;Wonosobo;Harga Produsen;0;20000;0;22000;0;0;14000;16000;26000;0;11000;0;3500;0;4000;4000;0
39028;23 Juni 2023;Wonosobo;Harga Produsen;0;18000;0;20000;0;0;14000;17000;26000;0;11000;0;3500;0;4000;5000;0
39175;26 Juni 2023;Wonosobo;Harga Produsen;0;23000;0;20000;0;0;26000;22000;22000;0;11000;0;3500;0;4000;5500;0
39221;22 Juni 2023;Wonosobo;Harga Produsen;0;20000;0;22000;0;0;14000;16000;26000;0;11000;0;3500;0;4000;4000;0
39223;24 Juni 2023;Wonosobo;Harga Produsen;0;18000;0;20000;0;0;14000;17000;26000;0;11000;0;3500;0;4000;5000;0
39227;25 Juni 2023;Wonosobo;Harga Produsen;0;18000;0;20000;0;0;14000;17000;26000;0;11000;0;3500;0;4000;5000;0
39229;27 Juni 2023;Wonosobo;Harga Produsen;0;23000;0;20000;0;0;26000;22000;22000;0;11000;0;3500;0;4000;5500;0
39310;28 Juni 2023;Wonosobo;Harga Produsen;0;23000;0;20000;0;0;26000;22000;22000;0;11000;0;3500;0;4000;5500;0
39312;29 Juni 2023;Wonosobo;Harga Produsen;0;23000;0;20000;0;0;26000;22000;22000;0;11000;0;3500;0;4000;5500;0
39317;30 Juni 2023;Wonosobo;Harga Produsen;0;23000;0;20000;0;0;26000;22000;22000;0;11000;0;3500;0;4000;5500;0
39325;01 Juli 2023;Wonosobo;Harga Produsen;0;23000;0;20000;0;0;31000;26000;18000;0;11000;0;3000;0;5000;6000;0
39328;02 Juli 2023;Wonosobo;Harga Produsen;0;23000;0;20000;0;0;31000;26000;18000;0;11000;0;3000;0;5000;6000;0
39330;03 Juli 2023;Wonosobo;Harga Produsen;0;23000;0;20000;0;0;31000;26000;18000;0;11000;0;3000;0;5000;6000;0
39436;04 Juli 2023;Wonosobo;Harga Produsen;0;23000;0;20000;0;0;31000;26000;18000;0;11000;0;3000;0;5000;6000;0
39485;05 Juli 2023;Wonosobo;Harga Produsen;0;23000;0;20000;0;0;31000;26000;18000;0;11000;0;3000;0;5000;6000;0
39561;06 Juli 2023;Wonosobo;Harga Produsen;0;23000;0;25000;0;0;31000;26000;18000;0;11000;0;3000;0;5000;6000;0
39759;07 Juli 2023;Wonosobo;Harga Produsen;0;23000;0;25000;0;0;31000;26000;18000;0;11000;0;3000;0;5000;6000;0
39762;08 Juli 2023;Wonosobo;Harga Produsen;0;23000;0;25000;0;0;31000;26000;18000;0;11000;0;3000;0;5000;6000;0
39764;09 Juli 2023;Wonosobo;Harga Produsen;0;23000;0;25000;0;0;31000;26000;18000;0;11000;0;3000;0;5000;6000;0
39771;10 Juli 2023;Wonosobo;Harga Produsen;0;22000;0;25000;0;0;21000;22000;19000;0;11000;0;3000;0;5500;6000;0
39774;11 Juli 2023;Wonosobo;Harga Produsen;0;22000;0;25000;0;0;21000;22000;19000;0;11000;0;3000;0;5500;6000;0
39826;12 Juli 2023;Wonosobo;Harga Produsen;0;22000;0;25000;0;0;21000;22000;19000;0;11000;0;3000;0;5500;6000;0
39864;13 Juli 2023;Wonosobo;Harga Produsen;0;22000;0;25000;0;0;23000;22000;18000;0;11000;0;3000;0;3000;6000;0
39939;14 Juli 2023;Wonosobo;Harga Produsen;0;22000;0;25000;0;0;23000;22000;18000;0;11000;0;3000;0;3000;6000;0
39988;15 Juli 2023;Wonosobo;Harga Produsen;0;22000;0;25000;0;0;23000;22000;18000;0;11000;0;3000;0;3000;6000;0
39991;16 Juli 2023;Wonosobo;Harga Produsen;0;22000;0;25000;0;0;23000;22000;18000;0;11000;0;3000;0;3000;6000;0
39996;17 Juli 2023;Wonosobo;Harga Produsen;0;18000;0;25000;0;0;23000;27000;16000;0;11000;0;2500;0;3000;7000;0
40053;18 Juli 2023;Wonosobo;Harga Produsen;0;18000;0;25000;0;0;23000;27000;16000;0;11000;0;2500;0;3000;7000;0
40089;19 Juli 2023;Wonosobo;Harga Produsen;0;18000;0;25000;0;0;23000;27000;16000;0;11000;0;2500;0;3000;7000;0
40091;20 Juli 2023;Wonosobo;Harga Produsen;0;18000;0;25000;0;0;23000;27000;16000;0;11000;0;2500;0;3000;7000;0
40143;21 Juli 2023;Wonosobo;Harga Produsen;0;18000;0;25000;0;0;21000;27000;16000;0;11000;0;2500;0;3000;7000;0
40293;22 Juli 2023;Wonosobo;Harga Produsen;0;18000;0;25000;0;0;23000;27000;16000;0;11000;0;2500;0;3000;7000;0
40296;23 Juli 2023;Wonosobo;Harga Produsen;0;18000;0;25000;0;0;23000;27000;16000;0;11000;0;2500;0;3000;7000;0
40298;24 Juli 2023;Wonosobo;Harga Produsen;0;13000;0;30000;0;0;21000;28000;16000;0;12000;0;2500;0;2500;7000;0
40300;25 Juli 2023;Wonosobo;Harga Produsen;0;13000;0;30000;0;0;21000;28000;16000;0;12000;0;2500;0;2500;7000;0
40383;26 Juli 2023;Wonosobo;Harga Produsen;0;13000;0;30000;0;0;21000;28000;16000;0;12000;0;2500;0;2500;7000;0
40441;27 Juli 2023;Wonosobo;Harga Produsen;0;13000;0;30000;0;0;21000;28000;16000;0;12000;0;2500;0;2500;7000;0
40477;28 Juli 2023;Wonosobo;Harga Produsen;0;13000;0;30000;0;0;21000;28000;21000;0;12000;0;2500;0;2500;7000;0
40640;29 Juli 2023;Wonosobo;Harga Produsen;0;13000;0;30000;0;0;21000;28000;21000;0;12000;0;2500;0;2500;7000;0
40643;30 Juli 2023;Wonosobo;Harga Produsen;0;13000;0;30000;0;0;21000;28000;21000;0;12000;0;2500;0;2500;7000;0
40645;31 Juli 2023;Wonosobo;Harga Produsen;0;13000;0;28000;0;0;20000;28000;26000;0;12000;0;2500;0;2500;7000;0
40790;01 Agustus 2023;Wonosobo;Harga Produsen;0;13000;0;21000;0;0;20000;28000;26000;0;12000;0;2500;0;2500;7000;0
40819;02 Agustus 2023;Wonosobo;Harga Produsen;0;13000;0;19000;0;0;21000;28000;26000;0;12000;0;2500;0;2500;7000;0
40885;03 Agustus 2023;Wonosobo;Harga Produsen;0;13000;0;19000;0;0;21000;28000;26000;0;12000;0;2500;0;2500;7000;0
40932;04 Agustus 2023;Wonosobo;Harga Produsen;0;13000;0;19000;0;0;21000;28000;26000;0;12000;0;2500;0;2500;7000;0
41013;05 Agustus 2023;Wonosobo;Harga Produsen;0;13000;0;19000;0;0;21000;28000;26000;0;12000;0;2500;0;2500;7000;0
41015;06 Agustus 2023;Wonosobo;Harga Produsen;0;13000;0;19000;0;0;21000;28000;26000;0;12000;0;2500;0;2500;7000;0
41018;07 Agustus 2023;Wonosobo;Harga Produsen;0;12000;0;19000;0;0;21000;28000;26000;0;12000;0;2500;0;5000;7000;0
41182;08 Agustus 2023;Wonosobo;Harga Produsen;0;12000;0;19000;0;0;21000;28000;26000;0;12000;0;2500;0;5000;7000;0
41279;09 Agustus 2023;Wonosobo;Harga Produsen;0;12000;0;19000;0;0;21000;28000;31000;0;12000;0;2500;0;5500;7000;0
41515;10 Agustus 2023;Wonosobo;Harga Produsen;0;12000;0;19000;0;0;21000;28000;31000;0;12000;0;2500;0;5500;7000;0
41557;11 Agustus 2023;Wonosobo;Harga Produsen;0;12000;0;19000;0;0;21000;28000;31000;0;12000;0;2500;0;5500;7000;0
41650;14 Agustus 2023;Wonosobo;Harga Produsen;0;12000;0;19000;0;0;24000;28000;33000;0;12000;0;2500;0;5500;7000;0
41653;13 Agustus 2023;Wonosobo;Harga Produsen;0;12000;0;19000;0;0;21000;28000;31000;0;12000;0;2500;0;5500;7000;0
41657;12 Agustus 2023;Wonosobo;Harga Produsen;0;12000;0;19000;0;0;21000;28000;31000;0;12000;0;2500;0;5500;7000;0
41758;15 Agustus 2023;Wonosobo;Harga Produsen;0;12000;0;19000;0;0;26000;28000;35000;0;12000;0;2500;0;5500;7000;0
41900;16 Agustus 2023;Wonosobo;Harga Produsen;0;12000;0;19000;0;0;26000;28000;35000;0;12000;0;2500;0;5500;7000;0
41946;17 Agustus 2023;Wonosobo;Harga Produsen;0;12000;0;19000;0;0;26000;28000;35000;0;12000;0;2500;0;5500;7000;0
41953;18 Agustus 2023;Wonosobo;Harga Produsen;0;12000;0;19000;0;0;29000;28000;37000;0;12000;0;2500;0;5500;7500;0
42052;19 Agustus 2023;Wonosobo;Harga Produsen;0;12000;0;19000;0;0;29000;28000;37000;0;12000;0;2500;0;5500;7500;0
42060;20 Agustus 2023;Wonosobo;Harga Produsen;0;12000;0;19000;0;0;29000;28000;37000;0;12000;0;2500;0;5500;7500;0
42066;21 Agustus 2023;Wonosobo;Harga Produsen;0;12000;0;18000;0;0;35000;22000;36000;0;12000;0;2500;0;5500;7500;0
42185;22 Agustus 2023;Wonosobo;Harga Produsen;0;12000;0;18000;0;0;35000;22000;36000;0;12000;0;2500;0;5500;7500;0
42331;23 Agustus 2023;Wonosobo;Harga Produsen;0;12000;0;19000;0;0;35000;22000;34000;0;12000;0;2500;0;5500;7500;0
42463;24 Agustus 2023;Wonosobo;Harga Produsen;0;12000;0;20000;0;0;35000;22000;27000;0;12000;0;2500;0;5500;7500;0
42586;25 Agustus 2023;Wonosobo;Harga Produsen;0;12000;0;19000;0;0;35000;22000;34000;0;12000;0;2500;0;5500;7500;0
42759;26 Agustus 2023;Wonosobo;Harga Produsen;0;12000;0;19000;0;0;35000;22000;34000;0;12000;0;2500;0;5500;7500;0
42763;27 Agustus 2023;Wonosobo;Harga Produsen;0;12000;0;19000;0;0;35000;22000;34000;0;12000;0;2500;0;5500;7500;0
42766;28 Agustus 2023;Wonosobo;Harga Produsen;0;12000;0;20000;0;0;41000;22000;21000;0;12000;0;2500;0;5500;7500;0
42771;29 Agustus 2023;Wonosobo;Harga Produsen;0;12000;0;20000;0;0;36000;22000;21000;0;12000;0;2500;0;5500;7500;0
42849;30 Agustus 2023;Wonosobo;Harga Produsen;0;12000;0;20000;0;0;36000;22000;21000;0;12000;0;2500;0;5500;7500;0
42911;31 Agustus 2023;Wonosobo;Harga Produsen;0;12000;0;20000;0;0;36000;22000;21000;0;12000;0;2500;0;5500;7500;0
42948;01 September 2023;Wonosobo;Harga Produsen;0;12000;0;20000;0;0;36000;22000;21000;0;12000;0;2500;0;5500;7500;0
43045;02 September 2023;Wonosobo;Harga Produsen;0;12000;0;20000;0;0;36000;22000;21000;0;12000;0;2500;0;5500;7500;0
43050;03 September 2023;Wonosobo;Harga Produsen;0;12000;0;20000;0;0;36000;22000;21000;0;12000;0;2500;0;5500;7500;0
43057;04 September 2023;Wonosobo;Harga Produsen;0;12000;0;20000;0;0;31000;22000;21000;0;12000;0;2500;0;5500;7500;0
43111;05 September 2023;Wonosobo;Harga Produsen;0;12000;0;20000;0;0;31000;22000;21000;0;12000;0;2500;0;5500;7500;0
43165;06 September 2023;Wonosobo;Harga Produsen;0;12000;0;20000;0;0;31000;22000;21000;0;12000;0;2500;0;5500;7500;0
43205;07 September 2023;Wonosobo;Harga Produsen;0;12000;0;20000;0;0;31000;22000;21000;0;12000;0;2500;0;5500;7500;0
43243;08 September 2023;Wonosobo;Harga Produsen;0;12000;0;20000;0;0;31000;22000;21000;0;12000;0;2500;0;5500;7500;0
43330;09 September 2023;Wonosobo;Harga Produsen;0;12000;0;20000;0;0;20000;22000;21000;0;12000;0;2500;0;5500;7500;0
43333;10 September 2023;Wonosobo;Harga Produsen;0;12000;0;20000;0;0;20000;22000;21000;0;12000;0;2500;0;5500;7500;0
43336;11 September 2023;Wonosobo;Harga Produsen;0;12000;0;20000;0;0;20000;22000;21000;0;11000;0;2500;0;5000;7500;0
43420;12 September 2023;Wonosobo;Harga Produsen;0;12000;0;20000;0;0;20000;18000;17000;0;11000;0;2500;0;5000;7500;0
43483;13 September 2023;Wonosobo;Harga Produsen;0;12000;0;20000;0;0;20000;18000;17000;0;11000;0;2500;0;5000;7500;0
43648;18 September 2023;Wonosobo;Harga Produsen;0;12000;0;20000;0;0;20000;18000;20000;0;11000;0;2500;0;5000;7500;0
43712;14 September 2023;Wonosobo;Harga Produsen;0;12000;0;20000;0;0;20000;18000;17000;0;11000;0;2500;0;5500;7500;0
43714;15 September 2023;Wonosobo;Harga Produsen;0;12000;0;20000;0;0;20000;18000;17000;0;11000;0;2500;0;5500;7500;0
43716;16 September 2023;Wonosobo;Harga Produsen;0;12000;0;20000;0;0;20000;18000;17000;0;11000;0;2500;0;5000;7500;0
43719;17 September 2023;Wonosobo;Harga Produsen;0;12000;0;20000;0;0;20000;18000;17000;0;11000;0;2500;0;5000;7500;0
43722;19 September 2023;Wonosobo;Harga Produsen;0;12000;0;20000;0;0;20000;18000;20000;0;11000;0;2500;0;5000;7500;0
43807;20 September 2023;Wonosobo;Harga Produsen;0;12000;0;20000;0;0;20000;18000;20000;0;11000;0;2500;0;5000;7500;0
43809;21 September 2023;Wonosobo;Harga Produsen;0;12000;0;20000;0;0;20000;18000;20000;0;11000;0;2500;0;5000;7500;0
43835;22 September 2023;Wonosobo;Harga Produsen;0;12000;0;20000;0;0;20000;18000;20000;0;11000;0;2500;0;5000;7500;0
43985;25 September 2023;Wonosobo;Harga Produsen;0;12000;0;20000;0;0;23000;20000;22000;0;11000;0;2500;0;5000;7500;0
43987;24 September 2023;Wonosobo;Harga Produsen;0;12000;0;20000;0;0;23000;20000;22000;0;11000;0;2500;0;5000;7500;0
43989;23 September 2023;Wonosobo;Harga Produsen;0;12000;0;20000;0;0;23000;20000;22000;0;11000;0;2500;0;5000;7500;0
44065;26 September 2023;Wonosobo;Harga Produsen;0;12000;0;20000;0;0;26000;20000;22000;0;11000;0;2500;0;4000;7500;0
44068;27 September 2023;Wonosobo;Harga Produsen;0;12000;0;20000;0;0;26000;20000;22000;0;11000;0;2500;0;4000;7500;0
44107;28 September 2023;Wonosobo;Harga Produsen;0;12000;0;20000;0;0;20000;20000;22000;0;11000;0;2500;0;4000;7500;0
44110;29 September 2023;Wonosobo;Harga Produsen;0;12000;0;20000;0;0;20000;20000;22000;0;11000;0;2500;0;4000;7500;0
44193;30 September 2023;Wonosobo;Harga Produsen;0;12000;0;20000;0;0;20000;20000;22000;0;11000;0;2500;0;4000;7500;0
44195;01 Oktober 2023;Wonosobo;Harga Produsen;0;12000;0;18000;0;0;26000;23000;21000;0;11000;0;2500;0;4000;7500;0
44197;02 Oktober 2023;Wonosobo;Harga Produsen;0;12000;0;18000;0;0;26000;23000;21000;0;11000;0;2500;0;4000;7500;0
44258;03 Oktober 2023;Wonosobo;Harga Produsen;0;12000;0;18000;0;0;27000;26000;27000;0;11000;0;2500;0;4000;7500;0
44298;04 Oktober 2023;Wonosobo;Harga Produsen;0;12000;0;18000;0;0;26000;26000;27000;0;11000;0;2500;0;4000;7500;0
44345;05 Oktober 2023;Wonosobo;Harga Produsen;0;12000;0;18000;0;0;26000;26000;27000;0;11000;0;2500;0;4000;7500;0
44389;06 Oktober 2023;Wonosobo;Harga Produsen;0;12000;0;18000;0;0;26000;26000;28000;0;11000;0;2500;0;4000;7500;0
44522;07 Oktober 2023;Wonosobo;Harga Produsen;0;12000;0;18000;0;0;26000;26000;28000;0;11000;0;2500;0;4000;7500;0
44524;08 Oktober 2023;Wonosobo;Harga Produsen;0;12000;0;18000;0;0;26000;26000;28000;0;11000;0;2500;0;4000;7500;0
44526;09 Oktober 2023;Wonosobo;Harga Produsen;0;9000;0;18000;0;0;28000;26000;31000;0;11000;0;2500;0;4000;7500;0
44591;10 Oktober 2023;Wonosobo;Harga Produsen;0;9000;0;18000;0;0;30000;27000;34000;0;11000;0;2500;0;4000;7500;0
44666;11 Oktober 2023;Wonosobo;Harga Produsen;0;9000;0;18000;0;0;30000;27000;34000;0;11000;0;2500;0;4000;7500;0
44718;12 Oktober 2023;Wonosobo;Harga Produsen;0;9000;0;18000;0;0;27000;32000;35000;0;11000;0;2000;0;3500;7500;0
44817;13 Oktober 2023;Wonosobo;Harga Produsen;0;9000;0;18000;0;0;27000;32000;35000;0;11000;0;2000;0;3500;7500;0
44895;14 Oktober 2023;Wonosobo;Harga Produsen;0;9000;0;18000;0;0;27000;32000;35000;0;11000;0;2000;0;3500;7500;0
44899;15 Oktober 2023;Wonosobo;Harga Produsen;0;9000;0;18000;0;0;27000;32000;35000;0;11000;0;2000;0;3500;7500;0
44901;16 Oktober 2023;Wonosobo;Harga Produsen;0;9000;0;18000;0;0;27000;39000;37000;0;11000;0;2000;0;3000;7500;0
45037;17 Oktober 2023;Wonosobo;Harga Produsen;0;10000;0;18000;0;0;27000;37000;37000;0;11000;0;2000;0;3000;7500;0
45039;18 Oktober 2023;Wonosobo;Harga Produsen;0;10000;0;18000;0;0;27000;37000;37000;0;11000;0;2000;0;3000;7500;0
45077;19 Oktober 2023;Wonosobo;Harga Produsen;0;10000;0;18000;0;0;27000;37000;37000;0;11000;0;2000;0;3000;7500;0
45081;20 Oktober 2023;Wonosobo;Harga Produsen;0;10000;0;18000;0;0;27000;37000;37000;0;11000;0;2000;0;3000;7500;0
45247;21 Oktober 2023;Wonosobo;Harga Produsen;0;10000;0;18000;0;0;27000;37000;0;0;11000;0;2000;0;3000;7500;37000
45249;22 Oktober 2023;Wonosobo;Harga Produsen;0;10000;0;18000;0;0;27000;37000;37000;0;11000;0;2000;0;3000;7500;0
45251;23 Oktober 2023;Wonosobo;Harga Produsen;0;10000;0;18000;0;0;30000;40000;50000;0;11000;0;2000;0;3000;7500;0
45253;24 Oktober 2023;Wonosobo;Harga Produsen;0;10000;0;18000;0;0;30000;40000;50000;0;11000;0;2000;0;3000;7500;0
45336;25 Oktober 2023;Wonosobo;Harga Produsen;0;10000;0;18000;0;0;30000;40000;50000;0;11000;0;2000;0;3000;7500;0
45611;30 Oktober 2023;Wonosobo;Harga Produsen;0;10000;0;18000;0;0;55000;46000;62000;0;11000;0;2000;0;3000;8000;0
45637;26 Oktober 2023;Wonosobo;Harga Produsen;0;10000;0;18000;0;0;30000;40000;50000;0;11000;0;2000;0;3000;7500;0
45639;27 Oktober 2023;Wonosobo;Harga Produsen;0;10000;0;18000;0;0;30000;40000;50000;0;11000;0;2000;0;3000;7500;0
45641;28 Oktober 2023;Wonosobo;Harga Produsen;0;10000;0;18000;0;0;55000;46000;62000;0;11000;0;2000;0;3000;8000;0
45643;29 Oktober 2023;Wonosobo;Harga Produsen;0;10000;0;18000;0;0;55000;46000;62000;0;11000;0;2000;0;3000;8000;0
45645;31 Oktober 2023;Wonosobo;Harga Produsen;0;10000;0;18000;0;0;62000;47000;68000;0;11000;0;2000;0;3000;8000;0
45700;01 November 2023;Wonosobo;Harga Produsen;0;10000;0;18000;0;0;56000;42000;66000;0;11000;0;2000;0;3000;8000;0
45812;02 November 2023;Wonosobo;Harga Produsen;0;10000;0;18000;0;0;56000;42000;66000;0;11000;0;2000;0;3000;8000;0
45814;03 November 2023;Wonosobo;Harga Produsen;0;10000;0;18000;0;0;54000;42000;56000;0;11000;0;2000;0;3000;8000;0
45928;04 November 2023;Wonosobo;Harga Produsen;0;10000;0;18000;0;0;54000;42000;56000;0;11000;0;2000;0;3000;8000;0
45930;05 November 2023;Wonosobo;Harga Produsen;0;10000;0;18000;0;0;54000;42000;56000;0;11000;0;2000;0;3000;8000;0
45934;06 November 2023;Wonosobo;Harga Produsen;0;10000;0;18000;0;0;60000;55000;70000;0;11000;0;2500;0;3000;7500;0
46030;07 November 2023;Wonosobo;Harga Produsen;0;10000;0;18000;0;0;70000;50000;60000;0;11000;0;2500;0;3000;7500;0
46090;08 November 2023;Wonosobo;Harga Produsen;0;10000;0;18000;0;0;70000;46000;60000;0;11000;0;2500;0;3000;7500;0
46144;09 November 2023;Wonosobo;Harga Produsen;0;10000;0;18000;0;0;70000;46000;60000;0;11000;0;2500;0;3000;7500;0
46286;10 November 2023;Wonosobo;Harga Produsen;0;10000;0;18000;0;0;70000;46000;60000;0;11000;0;2500;0;3000;7500;0
46288;11 November 2023;Wonosobo;Harga Produsen;0;10000;0;18000;0;0;70000;46000;60000;0;11000;0;2500;0;3000;7500;0
46290;12 November 2023;Wonosobo;Harga Produsen;0;10000;0;18000;0;0;70000;46000;60000;0;11000;0;2500;0;3000;7500;0
46292;13 November 2023;Wonosobo;Harga Produsen;0;12000;0;18000;0;0;70000;47000;60000;0;11000;0;2500;0;3000;7500;0
46294;14 November 2023;Wonosobo;Harga Produsen;0;12000;0;18000;0;0;70000;47000;60000;0;11000;0;2500;0;3000;7500;0
46364;15 November 2023;Wonosobo;Harga Produsen;0;12000;0;18000;0;0;70000;47000;60000;0;11000;0;2500;0;3000;7500;0
46420;16 November 2023;Wonosobo;Harga Produsen;0;12000;0;18000;0;0;70000;47000;60000;0;11000;0;2500;0;3000;7500;0
46422;17 November 2023;Wonosobo;Harga Produsen;0;13000;0;18000;0;0;70000;47000;65000;0;11000;0;2500;0;3000;7000;0
46513;18 November 2023;Wonosobo;Harga Produsen;0;13000;0;18000;0;0;70000;47000;65000;0;11000;0;2500;0;3000;7000;0
46515;19 November 2023;Wonosobo;Harga Produsen;0;13000;0;18000;0;0;70000;47000;65000;0;11000;0;2500;0;3000;7000;0
46517;20 November 2023;Wonosobo;Harga Produsen;0;13000;0;18000;0;0;68000;41000;70000;0;11000;0;2500;0;3000;7000;0